s Gravesandestraat 55 Oost 1092 AA Amsterdam Netherlands, Amsterdam
1 15 Templeton Place Earl s Court Kensington and Chelsea London SW5 9NB United Kingdom, London
1 2 Serjeant s Inn Fleet Street City of London London EC4Y 1LL United Kingdom, City of London
1 3 Queens Garden Westminster Borough London W2 3BA United Kingdom, London
1 3 Rue d Argentine 16th arr 75116 Paris France, Paris
1 5 Passage Ruelle 18th arr 75018 Paris France, Paris
1 8 Russell Square Camden London WC1B 5BE United Kingdom, London
1 Addington Street Lambeth London SE1 7RY United Kingdom, London
1 Aldwych Westminster Borough London WC2B 4BZ United Kingdom, London
1 Avenue Carnot 17th arr 75017 Paris France, Paris
1 Bis Rue De Vaugirard 6th arr 75006 Paris France, Paris
1 Hamilton Place Park Lane Westminster Borough London W1J 7QY United Kingdom, London
1 Impasse Marteau 18th arr 75018 Paris France, Paris
1 Inverness Terrace Westminster Borough London W2 3JP United Kingdom, London
1 Kensington Court Kensington and Chelsea London W8 5DL United Kingdom, London
1 Kings Cross Road Islington London WC1X 9HX United Kingdom, London
1 Place De La Sorbonne 5th arr 75005 Paris France, Paris
1 Place Vend me 1st arr 75001 Paris France, Paris
1 Rue De Libourne 12th arr 75012 Paris France, Paris
1 Rue Du G n ral Blaise 11th arr 75011 Paris France, Paris
1 rue Geoffroy Marie 9th arr 75009 Paris France, Paris
1 Rue Sainte Opportune 1st arr 75001 Paris France, Paris
1 Rue Scribe 9th arr 75009 Paris France, Paris
1 Shortlands Hammersmith and Fulham London W6 8DR United Kingdom, London
1 Suffolk Place Westminster Borough London SW1Y 4HX United Kingdom, London
1 Waterview Drive Greenwich London SE10 0TW United Kingdom, London
10 12 rue Cognacq Jay 7th arr 75007 Paris France, Paris
10 12 rue de Charonne 11th arr 75011 Paris France, Paris
10 avenue Carnot 17th arr 75017 Paris France, Paris
10 Avenue D I na 16th arr 75016 Paris France, Paris
10 Avenue Emile Zola 15th arr 75015 Paris France, Paris
10 Beaufort Gardens Kensington and Chelsea London SW3 1PT United Kingdom, London
10 Berners Street Westminster Borough London W1T 3NP United Kingdom, London
10 Bina Gardens South Kensington Kensington and Chelsea London SW5 0LA United Kingdom, London
10 Bis rue du D barcad re 17th arr 75017 Paris France, Paris
10 Carlisle Street Westminster Borough London W1D 3BR United Kingdom, London
10 Godliman Street City of London London EC4V 5AJ United Kingdom, City of London
10 Harrington Road Kensington and Chelsea London SW7 3ER United Kingdom, London
10 Monmouth Street Camden London WC2H 9HB United Kingdom, London
10 Palace Place Westminster Borough London SW1E 5BW United Kingdom, London
10 Pepys Street City of London London EC3N 2NR United Kingdom, City of London
10 Place De La R publique 11th arr 75011 Paris France, Paris
10 Place De Mexico 16th arr 75016 Paris France, Paris
10 rue Chateaubriand 8th arr 75008 Paris France, Paris
10 rue d Ormesson 4th arr 75004 Paris France, Paris
10 rue de Bruxelles 9th arr 75009 Paris France, Paris
10 Rue de la Tour d Auvergne 9th arr 75009 Paris France, Paris
10 rue de Vaugirard 6th arr 75006 Paris France, Paris
10 Rue Gabriel Laumain 10th arr 75010 Paris France, Paris
10 rue Gager Gabillot 15th arr 75015 Paris France, Paris
10 Rue Kepler 16th arr 75016 Paris France, Paris
10 rue Lamartine 9th arr 75009 Paris France, Paris
10 rue Saint Hyacinthe 1st arr 75001 Paris France, Paris
10 rue Saint Philippe du Roule 8th arr 75008 Paris France, Paris
10 Wardour Street Leicester Square Westminster Borough London W1D 6QF United Kingdom, London
10 West Temple Sheen London SW14 7RT United Kingdom, London
100 110 Euston Road Camden London NW1 2AJ United Kingdom, London
100 Cromwell Road Kensington and Chelsea London SW7 4ER United Kingdom, London
100 Queen s Gate Kensington and Chelsea London SW7 5AG United Kingdom, London
100 Shoreditch High Street Hackney London E1 6JQ United Kingdom, London
100 Vauxhall Walk Lambeth London SE11 5AL United Kingdom, London
101 Buckingham Palace Road Westminster Borough London SW1W 0SJ United Kingdom, London
101 Knightsbridge Westminster Borough London SW1X 7RN United Kingdom, London
102 Avenue de Villiers 17th arr 75017 Paris France, Paris
102 Avenue Victor Hugo 16th arr 75016 Paris France, Paris
102 Bd De Grenelle 15th arr 75015 Paris France, Paris
104 Bayswater Rd Westminster Borough London W2 3HL United Kingdom, London
108 Baker Street Westminster Borough London W1U 6LJ United Kingdom, London
108 Rue Saint Lazare 8th arr 75008 Paris France, Paris
109 113 Queen s Gate Kensington and Chelsea London SW7 5LR United Kingdom, London
10a Chestnut Plaza Westfield Stratford City Olympic Park Newham London E20 1GL United Kingdom, London
10b Chestnut Plaza Westfield Stratford City Olympic Park Newham London E20 1GL United Kingdom, London
11 12 Poplar Mews Shepherd s Bush Hammersmith and Fulham London W12 7JS United Kingdom, London
11 13 Bayley Street Bedford Square Camden London WC1B 3HD United Kingdom, London
11 15 Rue De Lyon 12th arr 75012 Paris France, Paris
11 Bis Rue Jules Chaplain 6th arr 75006 Paris France, Paris
11 Bis rue Mazagran 10th arr 75010 Paris France, Paris
11 Cadogan Gardens Sloane Square Kensington and Chelsea London SW3 2RJ United Kingdom, London
11 Knightsbridge Westminster Borough London SW1X 7LY United Kingdom, London
11 Rue d Astorg 8th arr 75008 Paris France, Paris
11 Rue de l Arcade 8th arr 75008 Paris France, Paris
11 rue de Tr vise 9th arr 75009 Paris France, Paris
11 rue du 8 Mai 1945 10th arr 75010 Paris France, Paris
11 Rue Du Temple 4th arr 75004 Paris France, Paris
11 rue Paul Baudry 8th arr 75008 Paris France, Paris
11 Thurloe Place Knightsbridge Kensington and Chelsea London SW7 2RS United Kingdom, London
110 rue Blomet 15th arr 75015 Paris France, Paris
111 avenue de la Bourdonnais 7th arr 75007 Paris France, Paris
111 Cromwell Road Kensington and Chelsea London SW7 4DP United Kingdom, London
111 Westminster Bridge Road Lambeth London SE1 7JD United Kingdom, London
112 boulevard de S bastopol 3rd arr 75003 Paris France, Paris
113 Lambeth Rd Lambeth London SE1 7LS United Kingdom, London
116 Piccadilly Westminster Borough London W1J 7BJ United Kingdom, London
117 129 Cromwell Road Kensington and Chelsea London SW7 4DS United Kingdom, London
117 Poplar High Street Tower Hamlets London E14 0AE United Kingdom, London
117 Rue Lauriston 16th arr 75116 Paris France, Paris
11bis Rue Godot de Mauroy 9th arr 75009 Paris France, Paris
12 14 Rue Joseph De Maistre 18th arr 75018 Paris France, Paris
12 Boulevard Haussmann 9th arr 75009 Paris France, Paris
12 boulevard Malesherbes 8th arr 75008 Paris France, Paris
12 Folgate Street City of London London E1 6BX United Kingdom, London
12 Lancaster Gate Lancaster Gate Westminster Borough London W2 3LG United Kingdom, London
12 Osborn Street Aldgate East Tower Hamlets London E1 6TE United Kingdom, London
12 rue de la Montagne Sainte Genevi ve 5th arr 75005 Paris France, Paris
12 Rue de Louvois 2nd arr 75002 Paris France, Paris
12 rue de Marignan 8th arr 75008 Paris France, Paris
12 rue de Parme 9th arr 75009 Paris France, Paris
12 rue des Saussaies 8th arr 75008 Paris France, Paris
12 Rue Jean Goujon 8th arr 75008 Paris France, Paris
12 rue Saint Didier 16th arr 75016 Paris France, Paris
12 rue Saint Roch 1st arr 75001 Paris France, Paris
12 Upper Woburn Place Camden London WC1H 0HX United Kingdom, London
123 boulevard S bastopol 2nd arr 75002 Paris France, Paris
123 Rue Du Faubourg Saint Honor 8th arr 75008 Paris France, Paris
124 Clerkenwell Rd Camden London EC1R 5DJ United Kingdom, London
128 avenue de Wagram 17th arr 75017 Paris France, Paris
128 King Henry s Road Camden London NW3 3ST United Kingdom, London
129 Bayswater Road London W2 4RJ United Kingdom, London
13 15 Gower Street Camden London WC1E 6HE United Kingdom, London
13 Boulevard Du Temple 3rd arr 75003 Paris France, Paris
13 Rue De La Paix 2nd arr 75002 Paris France, Paris
13 rue des Beaux Arts 6th arr 75006 Paris France, Paris
13 Rue Fran ois Ory 92120 Paris France, Paris
13 rue Geoffroy Marie 9th arr 75009 Paris France, Paris
13 Rue Jules Cesar 12th arr 75012 Paris France, Paris
13 rue Saint Sulpice 6th arr 75006 Paris France, Paris
130 134 Southampton Row Camden London WC1B 5AF United Kingdom, London
130 135 Minories City of London London EC3N 1NU United Kingdom, City of London
130 Tottenham Court Road Camden London W1T 5AY United Kingdom, London
132 Boulevard Haussmann 8th arr 75008 Paris France, Paris
134 George Street Westminster Borough London W1H 5DN United Kingdom, London
14 15 Langham Place Westminster Borough London W1B 2QS United Kingdom, London
14 16 Craven Hill Lancaster Gate Westminster Borough London W2 3DU United Kingdom, London
14 Henrietta Street Westminster Borough London WC2E 8QH United Kingdom, London
14 Rue Beaujon 8th arr 75008 Paris France, Paris
14 Rue de la Sorbonne 5th arr 75005 Paris France, Paris
14 rue de la Tremoille 8th arr 75008 Paris France, Paris
14 Rue du Chevalier de Saint George 1st arr 75001 Paris France, Paris
14 Rue St Simon 7th arr 75007 Paris France, Paris
14 Rue Stanislas 6th arr 75006 Paris France, Paris
140 Gloucester Road Kensington and Chelsea London SW7 4QH United Kingdom, London
140 Park Lane Westminster Borough London W1K 7AA United Kingdom, London
141 rue St Honor 1st arr 75001 Paris France, Paris
142 Minories City of London London EC3N 1LS United Kingdom, City of London
142 To 144 Warwick Way Victoria Westminster Borough London SW1V 4JE United Kingdom, London
143 Avenue De Malakoff 16th arr 75016 Paris France, Paris
143 Boulevard Saint Germain 6th arr 75006 Paris France, Paris
144 Praed St Paddington Westminster Borough London W2 1HU United Kingdom, London
146 Praed Street Westminster Borough London W2 1EE United Kingdom, London
147 Cromwell Road Kensington and Chelsea London SW5 0TH United Kingdom, London
15 16 Prince Of Wales Terrace Kensington and Chelsea London W8 5PQ United Kingdom, London
15 17 Charlotte Street Hotel Westminster Borough London W1T 1RJ United Kingdom, London
15 Beeston Place Westminster Borough London SW1W 0JW United Kingdom, London
15 Boulevard Romain Rolland 14th arr 75014 Paris France, Paris
15 Cromwell Place Kensington and Chelsea London SW7 2LA United Kingdom, London
15 Montague St Bloomsbury Camden London WC1B 5BJ United Kingdom, London
15 Place Vend me 1st arr 75001 Paris France, Paris
15 Quai Saint Michel 5th arr 75005 Paris France, Paris
15 Rue Boissy d Anglas 8th arr 75008 Paris France, Paris
15 Rue de Bassano 16th arr 75016 Paris France, Paris
15 rue de Constantinople 8th arr 75008 Paris France, Paris
15 Rue De La Grande Chaumi re 6th arr 75006 Paris France, Paris
15 Rue Des Pyramides 1st arr 75001 Paris France, Paris
15 Rue Dupleix 15th arr 75015 Paris France, Paris
15 rue Edouard Manet 13th arr 75013 Paris France, Paris
15 Rue Jacob 6th arr 75006 Paris France, Paris
15 Seymour Street Westminster Borough London W1H 7JW United Kingdom, London
150 Bayswater Road Kensington and Chelsea London W2 4RT United Kingdom, London
150 Piccadilly Westminster Borough London W1J 9BR United Kingdom, London
151 157 City Road Shoreditch Islington London EC1V 1JS United Kingdom, London
151 bis Rue de Rennes 6th arr 75006 Paris France, Paris
152 Cricklewood Broadway Cricklewood London NW2 3ED United Kingdom, London
153 Boulevard Saint Germain 6th arr 75006 Paris France, Paris
153 Hammersmith Road Hammersmith and Fulham London W14 0QL United Kingdom, London
153 Rue De Vaugirard 15th arr 75015 Paris France, Paris
16 22 Great Russell Street Camden London WC1B 3NN United Kingdom, London
16 Avenue de l Opera 1st arr 75001 Paris France, Paris
16 avenue de Tourville 7th arr 75007 Paris France, Paris
16 boulevard Haussmann 9th arr 75009 Paris France, Paris
16 London Street Paddington Westminster Borough London W2 1HL United Kingdom, London
16 rue d Edimbourg 8th arr 75008 Paris France, Paris
16 rue de Berri 8th arr 75008 Paris France, Paris
16 rue de S ze 9th arr 75009 Paris France, Paris
16 Sumner Place Kensington and Chelsea London SW7 3EG United Kingdom, London
160 Cromwell Road Kensington Kensington and Chelsea London SW5 0TL United Kingdom, London
160 Rue La Fayette 10th arr 75010 Paris France, Paris
163 Marsh Wall Docklands Tower Hamlets London E14 9SJ United Kingdom, London
165 rue de Rome 17th arr 75017 Paris France, Paris
166 Boulevard Berthier 17th arr 75017 Paris France, Paris
167 rue de Rome 17th arr 75017 Paris France, Paris
17 18 Upper Woburn Place Camden London WC1H 0HT United Kingdom, London
17 19 Egerton Terrace Knightsbridge Kensington and Chelsea London SW3 2BX United Kingdom, London
17 25 Sloane Street Knightsbridge Kensington and Chelsea London SW1X 9NU United Kingdom, London
17 Avenue Kl ber 16th arr 75016 Paris France, Paris
17 bis rue Am lie 7th arr 75007 Paris France, Paris
17 Boulevard Saint Jacques 14th arr 75014 Paris France, Paris
17 Nottingham Place Westminster Borough London W1U 5LG United Kingdom, London
17 Rue de Caumartin 9th arr 75009 Paris France, Paris
17 rue de l Arcade 8th arr 75008 Paris France, Paris
17 rue de Richelieu 1st arr 75001 Paris France, Paris
17 Rue Du Cotentin 15th arr 75015 Paris France, Paris
17 rue Duhesme 18th arr 75018 Paris France, Paris
17 rue g t le coeur 6th arr 75006 Paris France, Paris
171 Knightsbridge Westminster Borough London SW7 1DW United Kingdom, London
173 185 Greenwich High Rd Greenwich London SE10 8JA United Kingdom, London
173 Gloucester Place Westminster Borough London NW1 6DX United Kingdom, London
177 Boulevard Haussmann 8th arr 75008 Paris France, Paris
177 rue du faubourg Saint Honor 8th arr 75008 Paris France, Paris
18 21 Charterhouse Square Islington London EC1M 6AH United Kingdom, London
18 30 Lexham Gardens Kensington and Chelsea London W8 5JE United Kingdom, London
18 Albert Embankment Lambeth London SE1 7TJ United Kingdom, London
18 Avenue De Suffren Entr e au 22 rue Jean Rey 15th arr 75015 Paris France, Paris
18 Lodge Road Near Baker Street And Marylebone Westminster Borough London NW8 7JT United Kingdom, London
18 rue Bachaumont 2nd arr 75002 Paris France, Paris
18 rue Clement Marrot 8th arr 75008 Paris France, Paris
18 Rue d Antin 2nd arr 75002 Paris France, Paris
18 rue de Constantinople 8th arr 75008 Paris France, Paris
18 Rue du Cirque 8th arr 75008 Paris France, Paris
181 Cromwell Road Kensington and Chelsea London SW5 0SF United Kingdom, London
181 Tooley Street Southwark London SE1 2JR United Kingdom, London
185 Boulevard Brune 14th arr 75014 Paris France, Paris
19 21 Gt Marlborough St Westminster Borough London W1F 7HL United Kingdom, London
19 21 Penywern Road Kensington and Chelsea London SW5 9TT United Kingdom, London
19 25 Granville Place Marble Arch Westminster Borough London W1H 6PA United Kingdom, London
19 avenue Kleber 16th arr 75116 Paris France, Paris
19 Boulevard De La Tour Maubourg 7th arr 75007 Paris France, Paris
19 Brent Street Brent Cross London NW4 2EU United Kingdom, London
19 New Bridge Street City of London London EC4V 6DB United Kingdom, City of London
19 place du Panth on 5th arr 75005 Paris France, Paris
19 Rue Copernic 16th arr 75016 Paris France, Paris
19 Rue Cujas 5th arr 75005 Paris France, Paris
19 Rue De Caumartin 9th arr 75009 Paris France, Paris
19 Rue Des Pretres Saint Germain L Auxerrois 1st arr 75001 Paris France, Paris
19 Rue du Commandant Ren Mouchotte 14th arr 75014 Paris France, Paris
19 Rue Du Pont Neuf 1st arr 75001 Paris France, Paris
19 Rue Tronchet 8th arr 75008 Paris France, Paris
19 Rue Vernet 8th arr 75008 Paris France, Paris
190 Queen s Gate Kensington and Chelsea London SW7 5EX United Kingdom, London
199 206 High Holborn Camden London WC1V 7BD United Kingdom, London
1a Lexham Gardens Kensington and Chelsea London W8 5JJ United Kingdom, London
2 24 Kensington High St Kensington and Chelsea London W8 4PT United Kingdom, London
2 4 Boundary Street Hackney London E2 7DD United Kingdom, London
2 4bis Cit Rougemont 9th arr 75009 Paris France, Paris
2 5 Montague Street Bloomsbury Camden London WC1B 5BU United Kingdom, London
2 8 Great Suffolk Street Southwark London SE1 0UG United Kingdom, London
2 8 Hanger Lane Ealing Common London W5 3HN United Kingdom, London
2 avenue la Porte Molitor 16th arr 75016 Paris France, Paris
2 Bd Garibaldi 15th arr 75015 Paris France, Paris
2 Bridge Place Victoria Westminster Borough London SW1V 1QA United Kingdom, London
2 Caxton Street Westminster Borough London SW1H 0QW United Kingdom, London
2 Montagu Place Westminster Borough London W1H 2ER United Kingdom, London
2 place des Pyramides 1st arr 75001 Paris France, Paris
2 place Louis Armand 12th arr 75012 Paris France, Paris
2 Rue Boulard 14th arr 75014 Paris France, Paris
2 Rue d Artois 8th arr 75008 Paris France, Paris
2 rue de Gramont 2nd arr 75002 Paris France, Paris
2 Rue De Parme 9th arr 75009 Paris France, Paris
2 rue des Guillemites 4th arr 75004 Paris France, Paris
2 Rue du Colonel Pierre Avia 15th arr 75015 Paris France, Paris
2 Rue Duperr 9th arr 75009 Paris France, Paris
2 Rue Edouard VII 9th arr 75009 Paris France, Paris
2 rue Geoffroy Marie 9th arr 75009 Paris France, Paris
2 Rue Hector Malot 12th arr 75012 Paris France, Paris
2 Rue Racine 6th arr 75006 Paris France, Paris
2 Rue Saint Sulpice 6th arr 75006 Paris France, Paris
2 Rue Scribe 9th arr 75009 Paris France, Paris
2 Spring Gardens Trafalgar Square Westminster Borough London SW1A 2TS United Kingdom, London
2 Stanhope Row Park Lane Westminster Borough London W1J 7BS United Kingdom, London
2 Sylvester Path Hackney London E8 1EN United Kingdom, London
2 The Avenue Ealing London W13 8PH United Kingdom, London
2 Wallenberg Place Westminster Borough London W1H 7TN United Kingdom, London
2 Warrington Crescent Westminster Borough London W9 1ER United Kingdom, London
2 Whitehall Court Westminster Borough London SW1A 2EJ United Kingdom, London
20 28 Bolsover Street Westminster Borough London W1W 5NB United Kingdom, London
20 bis rue de la Ga t 14th arr 75014 Paris France, Paris
20 Chesham Place Kensington and Chelsea London SW1X 8HQ United Kingdom, London
20 Lavington Street Southwark London SE1 0NZ United Kingdom, London
20 Mercer Street Covent Garden Camden London WC2H 9HD United Kingdom, London
20 Nevern Square Kensington and Chelsea London SW5 9PD United Kingdom, London
20 Pembridge Gardens Kensington and Chelsea London W2 4DU United Kingdom, London
20 rue Berthollet 5th arr 75005 Paris France, Paris
20 rue de l Ing nieur Robert Keller 15th arr 75015 Paris France, Paris
20 rue du Sommerard 5th arr 75005 Paris France, Paris
20 Rue Jean Rey 15th arr 75015 Paris France, Paris
20 Rue La Fayette 9th arr 75009 Paris France, Paris
20 Upper Ground Southwark London SE1 9PD United Kingdom, London
20 Warwick Street Westminster Borough London W1B 5NF United Kingdom, London
202 220 Cromwell Road Kensington and Chelsea London SW5 0SW United Kingdom, London
202 rue de Rivoli 1st arr 75001 Paris France, Paris
207 Boulevard Raspail 14th arr 75014 Paris France, Paris
209 211 rue de Charenton 12th arr 75012 Paris France, Paris
21 Avenue De La Grande Arm e 16th arr 75016 Paris France, Paris
21 Avonmore Road Kensington Hammersmith and Fulham London W14 8RP United Kingdom, London
21 Boulevard De Clichy 9th arr 75009 Paris France, Paris
21 Gower Street Camden London WC1E 6HG United Kingdom, London
21 Piccadilly Westminster Borough London W1J 0BH United Kingdom, London
21 rue de Dunkerque 10th arr 75010 Paris France, Paris
21 rue F licien David 16th arr 75016 Paris France, Paris
21 rue Lavoisier 8th arr 75008 Paris France, Paris
21 rue Moli re 1st arr 75001 Paris France, Paris
213 rue de la Croix Nivert 15th arr 75015 Paris France, Paris
214 High Street Acton London London W3 9NX United Kingdom, London
214 rue du Faubourg Saint Honor 8th arr 75008 Paris France, Paris
214 rue Saint Jacques 5th arr 75005 Paris France, Paris
216 Avenue Jean Jaures 19th arr 75019 Paris France, Paris
218 220 rue du Faubourg St Honor 8th arr 75008 Paris France, Paris
218 rue de Rivoli 1st arr 75001 Paris France, Paris
22 24 Rue Faidherbe 11th arr 75011 Paris France, Paris
22 25 Finsbury Square City Islington London EC2A 1DX United Kingdom, London
22 28 Broadway Westminster Borough London SW1H 0BH United Kingdom, London
22 avenue de Villiers 17th arr 75017 Paris France, Paris
22 Avenue du professeur lemierre 20th arr 75020 Paris France, Bobigny
22 Hertsmere Road Tower Hamlets London E14 4ED United Kingdom, London
22 Park Lane Westminster Borough London W1K 1BE United Kingdom, London
22 Portman Square Westminster Borough London W1H 7BG United Kingdom, London
22 rue d Antin 2nd arr 75002 Paris France, Paris
22 Rue Danielle Casanova 1st arr 75002 Paris France, Paris
22 rue de Buci 6th arr 75006 Paris France, Paris
22 Rue de La Parcheminerie 5th arr 75005 Paris France, Paris
22 Rue Tronchet 8th arr 75008 Paris France, Paris
22 Stanley Gardens Kensington and Chelsea London W11 2NG United Kingdom, London
221 Rue Saint Honore 1st arr 75001 Paris France, Paris
222 Marylebone Road Westminster Borough London NW1 6JQ United Kingdom, London
225 Edgware Road Westminster Borough London W2 1JU United Kingdom, London
225 High Street Kensington Kensington and Chelsea London W8 6SA United Kingdom, London
225 Ladbroke Grove Kensington and Chelsea London W10 6HQ United Kingdom, London
228 Rue De Rivoli 1st arr 75001 Paris France, Paris
23 25 rue de Pont Neuf 1st arr 75001 Paris France, Paris
23 Leinster Gardens Westminster Borough London W2 3AN United Kingdom, London
23 Mecklenburgh Square Camden London WC1N 2AD United Kingdom, London
23 rue du Faubourg Montmartre 9th arr 75009 Paris France, Paris
23 Rue Vignon 8th arr 75008 Paris France, Paris
230 A Mile End Road Tower Hamlets London E1 4LJ United Kingdom, London
232 Boulevard Raspail 14th arr 75014 Paris France, Paris
234 Diputacio Eixample 08007 Barcelona Spain, Barcelona
239 Vauxhall Bridge Road Westminster Borough London SW1V 1EQ United Kingdom, London
24 27 Bedford Place Bloomsbury Camden London WC1B 5JH United Kingdom, London
24 Egerton Gardens Kensington and Chelsea London SW3 2DB United Kingdom, London
24 Ludgate Hill City of London London EC4M 7DR United Kingdom, City of London
24 rue Bassano 16th arr 75016 Paris France, Paris
24 rue Cadet 9th arr 75009 Paris France, Paris
24 Rue d Amsterdam 9th arr 75009 Paris France, Paris
24 Rue De Miromesnil 8th arr 75008 Paris France, Paris
24 rue de Ponthieu 8th arr 75008 Paris France, Paris
25 avenue du General Leclerc 14th arr 75014 Paris France, Paris
25 Avenue Montaigne 8th arr 75008 Paris France, Paris
25 Boulevard Auguste Blanqui 13th arr 75013 Paris France, Paris
25 Courtfield Gardens Kensington and Chelsea London SW5 0PG United Kingdom, London
25 rue des Saints P res 6th arr 75006 Paris France, Paris
25 Rue Theodore de Banville 17th arr 75017 Paris France, Paris
25 Rue Vernet 8th arr 75008 Paris France, Paris
251 rue Saint Honor 1st arr 75001 Paris France, Paris
252 High Holborn Holborn Camden London WC1V 7EN United Kingdom, London
257 Rue De Vaugirard 15th arr 75015 Paris France, Paris
26 28 Trebovir Rd Kensington and Chelsea London SW5 9NJ United Kingdom, London
26 33 Queens Gardens Westminster Borough London W2 3BE United Kingdom, London
26 42 Bond Street Ealing London W5 5AA United Kingdom, London
26 Cadogan Gardens Kensington and Chelsea London SW3 2RP United Kingdom, London
265 Rotherhithe Street Southwark London SE16 5HW United Kingdom, London
27 33 Harrington Gardens Kensington and Chelsea London SW7 4JX United Kingdom, London
27 avenue des Ternes 17th arr 75017 Paris France, Paris
27 Devonshire Terrace Westminster Borough London W2 3DP United Kingdom, London
277 Carrer de Proven a Eixample 08037 Barcelona Spain, Barcelona
28 30 Seymour Street Westminster Borough London W1H 7JB United Kingdom, London
28 av Corentin Cariou 19th arr 75019 Paris France, Paris
28 Basil Street Kensington and Chelsea London SW3 1AS United Kingdom, London
28 Ebury Street Westminster Borough London SW1W 0LU United Kingdom, London
28 place des Vosges 3rd arr 75003 Paris France, Paris
28 Rue de l Arc de Triomphe 17th arr 75017 Paris France, Paris
28 rue Saint Roch 1st arr 75001 Paris France, Paris
284 To 302 Waterloo Road Southwark London SE1 8RQ United Kingdom, London
29 31 Draycott Place Kensington and Chelsea London SW3 2SH United Kingdom, London
29 31 Gower Street Camden London WC1E 6HG United Kingdom, London
29 31 rue de Poitou 3rd arr 75003 Paris France, Paris
29 31 rue des Ecoles 5th arr 75005 Paris France, Paris
29 Avenue De Tourville 7th arr 75007 Paris France, Paris
29 rue Caumartin 9th arr 75009 Paris France, Paris
29 Rue Jacob 6th arr 75006 Paris France, Paris
29 rue Victor Mass 9th arr 75009 Paris France, Paris
291 Greenwich High Road Greenwich Greenwich London SE10 8NA United Kingdom, London
2e Hugo de Grootstraat 2 6 Westerpark 1052 LC Amsterdam Netherlands, Amsterdam
3 5 rue du Mont Thabor 1st arr 75001 Paris France, Paris
3 avenue Mac Mahon 17th arr 75017 Paris France, Paris
3 Berkeley Street Westminster Borough London W1J 8NE United Kingdom, London
3 Bis Place Saint Sulpice 6th arr 75006 Paris France, Paris
3 Boulevard Montmartre 2nd arr 75002 Paris France, Paris
3 Boulevard Saint Michel 5th arr 75005 Paris France, Paris
3 Devonshire Terrace Westminster Borough London W2 3DN United Kingdom, London
3 Kingdom Street Sheldon Square Westminster Borough London W2 6BD United Kingdom, London
3 Place du G n ral Koenig 17th arr 75017 Paris France, Paris
3 Rue Abb De L Ep e 5th arr 75005 Paris France, Paris
3 Rue Cambon 1st arr 75001 Paris France, Paris
3 Rue Caulaincourt 18th arr 75018 Paris France, Paris
3 Rue Christine 6th arr 75006 Paris France, Paris
3 rue Clauzel 9th arr 75009 Paris France, Paris
3 Rue De Boulainvilliers 16th arr 75016 Paris France, Paris
3 rue de Bourgogne 7th arr 75007 Paris France, Paris
3 rue de Castiglione 1st arr 75001 Paris France, Paris
3 Rue de Montalembert 7th arr 75007 Paris France, Paris
3 rue de Ponthieu 8th arr 75008 Paris France, Paris
3 rue du Pr aux Clercs 7th arr 75007 Paris France, Paris
3 rue Lepic 18th arr 75018 Paris France, Paris
3 Rue Pergolese 16th arr 75116 Paris France, Paris
3 Rue Rouget De Lisle 1st arr 75001 Paris France, Paris
3 Rue Verniquet 17th arr 75017 Paris France, Paris
3 South Place City of London London EC2M 2AF United Kingdom, London Borough of Islington
3 Westbourne Terrace Lancaster Gate Westminster Borough London W2 3UL United Kingdom, London
30 32 Boulevard Poissonni re 9th arr 75009 Paris France, Paris
30 Barkston Gardens Kensington and Chelsea London SW5 0EN United Kingdom, London
30 Jamestown Road Camden London NW1 7BY United Kingdom, London
30 John Islip St Westminster Borough London SW1P 4DD United Kingdom, London
30 Leinster Gardens Bayswater Westminster Borough London W2 3AN United Kingdom, London
30 Portman Square Westminster Borough London W1H 7BH United Kingdom, London
30 Rathbone Street West End Westminster Borough London W1T 1LB United Kingdom, London
30 Rue de Bassano 16th arr 75016 Paris France, Paris
30 Rue Duret 16th arr 75016 Paris France, Paris
30 Rue Jean Mermoz 8th arr 75008 Paris France, Paris
30 Rue La P rouse 16th arr 75016 Paris France, Paris
30 rue Pernety 14th arr 75014 Paris France, Paris
31 33 Argyle Street Camden London WC1H 8EP United Kingdom, London
31 34 Queen s Gate Kensington and Chelsea London SW7 5JA United Kingdom, London
31 35 Langham Street Westminster Borough London W1W 6BU United Kingdom, London
31 36 Leicester Square Westminster Borough London WC2H 7LH United Kingdom, London
31 Avenue George V 8th arr 75008 Paris France, Paris
31 Great Cumberland Place Westminster Borough London W1H 7TA United Kingdom, London
31 rue de la Folie M ricourt 11th arr 75011 Paris France, Paris
31 Rue de Surene 8th arr 75008 Paris France, Paris
31 St Thomas Street Southwark London SE1 9QU United Kingdom, London
32 rue des Ecoles 5th arr 75005 Paris France, Paris
32 rue des Saints P res 7th arr 75007 Paris France, Paris
32 Rue Greuze 16th arr 75016 Paris France, Paris
33 37 Hogarth Road Kensington and Chelsea London SW5 0QQ United Kingdom, London
33 Albemarle Street Mayfair Westminster Borough London W1S 4BP United Kingdom, London
33 avenue de Friedland 8th arr 75008 Paris France, Paris
33 Avenue Du Docteur Arnold Netter 12th arr 75012 Paris France, Paris
33 avenue George V 8th arr 75008 Paris France, Paris
33 Beaufort Gardens Kensington and Chelsea London SW3 1PP United Kingdom, London
33 Boulevard du Montparnasse 6th arr 75006 Paris France, Paris
33 place de la Madeleine 8th arr 75008 Paris France, Paris
33 Roland Gardens Kensington and Chelsea London SW7 3PF United Kingdom, London
33 Rue Cambon 1st arr 75001 Paris France, Paris
33 Rue Dauphine 6th arr 75006 Paris France, Paris
33 rue Marbeuf 8th arr 75008 Paris France, Paris
33 rue Raymond Losserand 14th arr 75014 Paris France, Paris
335 337 High Street Stratford Newham London E15 2TF United Kingdom, London
335 337 Old Street Hackney London EC1V 9LL United Kingdom, London
336 337 Strand London Westminster Borough London WC2R 1HA United Kingdom, London
34 37 Bedford Place Bloomsbury Camden London WC1B 5JR United Kingdom, London
34 44 Barkston Gardens Kensington and Chelsea London SW5 0EW United Kingdom, London
34 Avenue Porte d Asni res 17th arr 75017 Paris France, Paris
34 Lombard Road Battersea London SW11 3RF United Kingdom, London
34 Norfolk Place Paddington Westminster Borough London W2 1QW United Kingdom, London
34 Rue de Buci 6th arr 75006 Paris France, Paris
34 rue de Moscou 8th arr 75008 Paris France, Paris
34 Rue Fontaine 9th arr 75009 Paris France, Paris
34 rue Jean Mermoz 8th arr 75008 Paris France, Paris
34 Rue Viala 15th arr 75015 Paris France, Paris
346 348 Edgware Road Westminster Borough London W2 1EA United Kingdom, London
35 39 St Georges Drive Westminster Borough London SW1V 4DG United Kingdom, London
35 Boulevard de la tour Maubourg 7th arr 75007 Paris France, Paris
35 Charles Street Mayfair Westminster Borough London W1J 5EB United Kingdom, London
35 Ixworth Place Kensington and Chelsea London SW3 3QX United Kingdom, London
35 Rue Benjamin Franklin 16th arr 75016 Paris France, Paris
35 Rue Caumartin 9th arr 75009 Paris France, Paris
35 Rue De Berri 8th arr 75008 Paris France, Paris
35 Rue Jean Goujon 8th arr 75008 Paris France, Paris
35 Rue La Bruy re 9th arr 75009 Paris France, Paris
35 St James s Place Westminster Borough London SW1A 1NY United Kingdom, London
350 Oxford Street Westminster Borough London W1C 1BY United Kingdom, London
354 Queenstown Road Battersea London SW8 4AE United Kingdom, London
36 37 Lancaster Gate Westminster Borough London W2 3NA United Kingdom, London
36 38 Rue Du Moulin 92170 Paris France, Paris
36 Great st Helens City of London London EC3A 6AP United Kingdom, City of London
36 rue de Saint Quentin 10th arr 75010 Paris France, Paris
36 rue du Grenier Saint Lazare 3rd arr 75003 Paris France, Paris
36 rue Pierre Demours 17th arr 75017 Paris France, Paris
36 rue Saint Ferdinand 17th arr 75017 Paris France, Paris
36 Rue Saint Marc 2nd arr 75002 Paris France, Paris
368 370 Green Lanes London N4 1DA United Kingdom, London
37 Avenue De La Motte Picquet 7th arr 75007 Paris France, Paris
37 Avenue Hoche 8th arr 75008 Paris France, Paris
37 Eccleston Square Westminster Borough London SW1V 1PB United Kingdom, London
37 Nottingham Place Westminster Borough London W1U 5LT United Kingdom, London
37 rue Fran ois 1er 8th arr 75008 Paris France, Paris
372 Strand Westminster Borough London WC2R 0JJ United Kingdom, London
38 rue de l Echiquier 10th arr 75010 Paris France, Paris
38 Rue Du Faubourg Saint Honore 8th arr 75008 Paris France, Paris
380 Kensington High Street Kensington and Chelsea London W14 8NL United Kingdom, London
39 40 Bedford Place Bloomsbury Camden London WC1B 5JT United Kingdom, London
39 40 Cleveland Square Westminster Borough London W2 6DA United Kingdom, London
39 40 Dorset Square Hotel Westminster Borough London NW1 6QN United Kingdom, London
39 Avenue de l Op ra 2nd arr 75002 Paris France, Paris
39 Avenue de Wagram 17th arr 75017 Paris France, Paris
39 Buckingham Palace Road Westminster Borough London SW1W 0PS United Kingdom, London
39 Coventry Street Westminster Borough London W1D 6BZ United Kingdom, London
4 18 Harrington Gardens Kensington and Chelsea London SW7 4LH United Kingdom, London
4 Boulevard Brune 14th arr 75014 Paris France, Paris
4 Boulevard Raspail 7th arr 75007 Paris France, Paris
4 Broad Court Bow Street Covent Garden Westminster Borough London WC2B 5QZ United Kingdom, London
4 Bryanston St Marble Arch Westminster Borough London W1H 7BY United Kingdom, London
4 Portal Way Gypsy Corner A40 London W3 6RT United Kingdom, London
4 Richmond Mews Westminster Borough London W1D 3DH United Kingdom, London
4 rue Amsterdam 9th arr 75009 Paris France, Paris
4 rue Cadet 9th arr 75009 Paris France, Paris
4 rue d Alger 1st arr 75001 Paris France, Paris
4 rue d Anjou 8th arr 75008 Paris France, Paris
4 rue d Artois 8th arr 75008 Paris France, Paris
4 rue Danton 6th arr 75006 Paris France, Paris
4 Rue de L Isly 8th arr 75008 Paris France, Paris
4 Rue De Valois 1st arr 75001 Paris France, Paris
4 Rue des Petites Ecuries 10th arr 75010 Paris France, Paris
4 Rue Du Mont Thabor 1st arr 75001 Paris France, Paris
4 Rue La Boetie 8th arr 75008 Paris France, Paris
4 rue Salomon de Caus 3rd arr 75003 Paris France, Paris
40 avenue de Friedland 8th arr 75008 Paris France, Paris
40 Liverpool Street City of London London EC2M 7QN United Kingdom, City of London
40 Marsh Wall Tower Hamlets London E14 9TP United Kingdom, London
40 rue de Lille 7th arr 75007 Paris France, Paris
40 Rue du Commandant Ren Mouchotte 14th arr 75014 Paris France, Paris
40 rue Liancourt 14th arr 75014 Paris France, Paris
40 Rue Rene Boulanger 10th arr 75010 Paris France, Paris
40 trinity square City of London London EC3N 4DJ United Kingdom, London
407 Goldhawk Rd Chiswick London W6 0SA United Kingdom, London
41 43 Brook Street Westminster Borough London W1K 4HJ United Kingdom, London
41 51 Inverness Terrace Westminster Borough London W2 3JN United Kingdom, London
41 54 Buckingham Gate Westminster Borough London SW1E 6AF United Kingdom, London
41 Avenue Marceau 16th arr 75016 Paris France, Paris
41 Avenue Pierre 1er de Serbie 8th arr 75008 Paris France, Paris
41 boulevard Saint Michel 5th arr 75005 Paris France, Paris
41 Buckingham Palace Road Westminster Borough London SW1W 0PS United Kingdom, London
41 Great Cumberland Place Westminster Borough London W1H 7LG United Kingdom, London
41 Queens Gate Gardens Kensington and Chelsea London SW7 5NB United Kingdom, London
41 rue de Clichy 9th arr 75009 Paris France, Paris
41 Rue Des Ecoles 5th arr 75005 Paris France, Paris
41 rue Jean Baptiste Pigalle 9th arr 75009 Paris France, Paris
419 437 Hackney Road London E2 8PP United Kingdom, London
42 46 Chiswell Street City of London London EC1Y 4SB United Kingdom, London Borough of Islington
42 rue Croix des Petits Champs 1st arr 75001 Paris France, Paris
42 Rue Des Petites Ecuries 10th arr 75010 Paris France, Paris
43 51 Wembley Hill Road Brent London HA9 8AU United Kingdom, London
43 Rue De l Abb Gr goire 6th arr 75006 Paris France, Paris
43 Rue des Mathurins 8th arr 75008 Paris France, Paris
43 rue Monsieur le Prince 6th arr 75006 Paris France, Paris
43 Worple Road Wimbledon London SW19 4JZ United Kingdom, London
44 Grosvenor Square Westminster Borough London W1K 2HP United Kingdom, London
44 rue de Bourgogne 7th arr 75007 Paris France, Paris
44 Rue Madame 6th arr 75006 Paris France, Paris
45 Curtain Road Hackney London EC2A 4PJ United Kingdom, London
45 Park Lane Westminster Borough London W1K 1PN United Kingdom, London
45 Prescot Street City of London London E1 8GP United Kingdom, London
45 Rue des Acacias 17th arr 75017 Paris France, Paris
45 St Martin s Lane Westminster Borough London WC2N 4HX United Kingdom, London
46 Avenue George V 8th arr 75008 Paris France, Paris
46 Blackfriars Road Southwark London SE1 8NZ United Kingdom, London
46 Rue De Tr vise 9th arr 75009 Paris France, Paris
46 Westferry Circus Tower Hamlets London E14 8RS United Kingdom, London
47 Welbeck Street Westminster Borough London W1G 8DN United Kingdom, London
48 Rue De L arbre Sec 1st arr 75001 Paris France, Paris
49 50 St John s Square Islington London EC1V 4JJ United Kingdom, London
49 53 New Road Tower Hamlets London E1 1HH United Kingdom, London
49 Avenue Marceau 16th arr 75116 Paris France, Paris
49 Gloucester Place Marble Arch Westminster Borough London W1U 8JE United Kingdom, London
49 Rue La Fayette 9th arr 75009 Paris France, Paris
49 rue Pierre Charron 8th arr 75008 Paris France, Paris
5 7 Princes Square Kensington and Chelsea London W2 4NP United Kingdom, London
5 7 Rue De Montalembert 7th arr 75007 Paris France, Paris
5 7 rue Rampon 11th arr 75011 Paris France, Paris
5 7 Rue Th r se 1st arr 75001 Paris France, Paris
5 bis rue Massenet 16th arr 75016 Paris France, Paris
5 Cavell Street Tower Hamlets London E1 2BP United Kingdom, London
5 Curzon St Westminster Borough London W1J 5HL United Kingdom, London
5 Fairmont Avenue Canary Wharf Tower Hamlets London E14 9JB United Kingdom, London
5 More London Place Tooley Street Southwark London SE1 2BY United Kingdom, London
5 Olympic Way Wembley Brent London HA9 0NP United Kingdom, London
5 place de l Od on 6th arr 75006 Paris France, Paris
5 Rue Belidor 17th arr 75017 Paris France, Paris
5 rue de Berri 8th arr 75008 Paris France, Paris
5 rue de la Paix 2nd arr 75002 Paris France, Paris
5 Rue De Malte 11th arr 75011 Paris France, Paris
5 Rue de Montyon 9th arr 75009 Paris France, Paris
5 rue de Ponthieu 8th arr 75008 Paris France, Paris
5 rue des Arquebusiers 3rd arr 75003 Paris France, Paris
5 rue des Capucines 1st arr 75001 Paris France, Paris
5 rue du 8 Mai 1945 10th arr 75010 Paris France, Paris
5 rue Louis Codet 7th arr 75007 Paris France, Paris
5 Rue Marivaux 2nd arr 75002 Paris France, Paris
5 Rue Saint Roch 1st arr 75001 Paris France, Paris
5 Threadneedle Street City of London London EC2R 8AY United Kingdom, City of London
50 Berners Street Westminster Borough London W1T 3NG United Kingdom, London
50 Great Cumberland Place Westminster Borough London W1H 7FD United Kingdom, London
50 Lancaster Gate Westminster Borough London W2 3NA United Kingdom, London
50 rue de Richelieu 1st arr 75001 Paris France, Paris
50 rue des Bernardins 5th arr 75005 Paris France, Paris
51 57 rue de Courcelles 8th arr 75008 Paris France, Paris
51 Gloucester Terrace Westminster Borough London W2 3DQ United Kingdom, London
51 Rue de Malte 11th arr 75011 Paris France, Paris
51 Rue Lauriston 16th arr 75016 Paris France, Paris
51 rue Letort 18th arr 75018 Paris France, Paris
52 54 Upper Richmond Road Wandsworth London SW15 2RN United Kingdom, London
52 56 Inverness Terrace Westminster Borough London W2 3LB United Kingdom, London
52 Chiswell Street City of London London EC1Y 4SD United Kingdom, London Borough of Islington
52 rue Francois 1er 8th arr 75008 Paris France, Paris
52 rue Jenner 13th arr 75013 Paris France, Paris
52 Rue Oradour sur Glane 15th arr 75015 Paris France, Paris
53 59 Kilburn High Road Maida Vale London Camden London NW6 5SB United Kingdom, London
53 61 Southwark Bridge Road Southwark London SE1 9HH United Kingdom, London
53 Park Lane Westminster Borough London W1K 1QA United Kingdom, London
53 Rue Richard Lenoir 11th arr 75011 Paris France, Paris
53 Upper Street Islington London N1 0UY United Kingdom, London
54 Queens Gate Kensington and Chelsea London SW7 5JW United Kingdom, London
54 rue Pierre Charron 8th arr 75008 Paris France, Paris
54 Rue Saint Louis En L Ile 4th arr 75004 Paris France, Paris
54 Upper Berkeley Street Westminster Borough London W1H 7QR United Kingdom, London
54 Uxbridge Road Shepherds Bush Hammersmith and Fulham London W12 8LP United Kingdom, London
55 57 Avenue Raymond Poincare 16th arr 75016 Paris France, Paris
55 61 Westbourne Terrace Westminster Borough London W2 3UY United Kingdom, London
55 Bld Rochechouart 9th arr 75009 Paris France, Paris
55 rue Monge 5th arr 75005 Paris France, Paris
56 57 Frith Street Westminster Borough London W1D 3JG United Kingdom, London
56 rue de Montorgueil 2nd arr 75002 Paris France, Paris
57 59 Welbeck Street Westminster Borough London W1G 9BL United Kingdom, London
58 Shepherds Bush Green Hammersmith and Fulham London W12 8QE United Kingdom, London
59 Leinster Square Kensington and Chelsea London W2 4PS United Kingdom, London
6 8 Rue Duphot 1st arr 75001 Paris France, Paris
6 Avenue Fr miet 16th arr 75016 Paris France, Paris
6 Avenue Montaigne 8th arr 75008 Paris France, Paris
6 Avenue Victor Hugo 16th arr 75116 Paris France, Paris
6 Boulevard Vincent Auriol 13th arr 75013 Paris France, Paris
6 Frith Street Soho Westminster Borough London W1D 3JA United Kingdom, London
6 Hercules Road Lambeth London SE1 7DP United Kingdom, London
6 Holywell Lane Hackney London EC2A 3ET United Kingdom, London
6 rue Balzac 8th arr 75008 Paris France, Paris
6 Rue Blaise Desgoffe 6th arr 75006 Paris France, Paris
6 rue Buffault 9th arr 75009 Paris France, Paris
6 rue Chauveau Lagarde 8th arr 75008 Paris France, Paris
6 Rue Constance 18th arr 75018 Paris France, Paris
6 Rue de l Arcade 8th arr 75008 Paris France, Paris
6 Rue De La Tour 16th arr 75016 Paris France, Paris
6 rue du General Lanrezac 17th arr 75017 Paris France, Paris
6 rue du Helder 9th arr 75009 Paris France, Paris
6 rue Gustave Charpentier 17th arr 75017 Paris France, Paris
6 Rue Lecluse 17th arr 75017 Paris France, Paris
6 Rue Pierre Demours 17th arr 75017 Paris France, Paris
6 Rue Saint Lambert 15th arr 75015 Paris France, Paris
6 Rue Saint Placide 6th arr 75006 Paris France, Paris
6 Via Aristotile Fioravanti Garibaldi Station 20154 Milan Italy, Milano
6 Waterloo Place Westminster Borough London SW1Y 4AN United Kingdom, London
60 Hyde Park gate Kensington and Chelsea London SW7 5BB United Kingdom, London
60 Pentonville Road Islington London N1 9LA United Kingdom, London
60 rue Richer 9th arr 75009 Paris France, Paris
61 Gloucester Road Kensington and Chelsea London SW7 4PE United Kingdom, London
61 Lincoln s Inn Fields Camden London WC2A 3JW United Kingdom, London
61 Quai De Grenelle 15th arr 75015 Paris France, Paris
61 rue de la Voute 12th arr 75012 Paris France, Paris
62 Rue Des Mathurins 8th arr 75008 Paris France, Paris
62 Rue Saint Dominique 7th arr 75007 Paris France, Paris
626 Chiswick High St Chiswick London W4 5RY United Kingdom, London
628 Western Avenue London W3 0TA United Kingdom, London
63 rue de Richelieu 2nd arr 75002 Paris France, Paris
64 76 Hendon Way London NW2 2NL United Kingdom, London
64 Avenue Marceau 8th arr 75008 Paris France, Paris
64 Boulevard de Grenelle 15th arr 75015 Paris France, Paris
64 Rue Crozatier 12th arr 75012 Paris France, Paris
64 Rue de l Arbre Sec 1st arr 75001 Paris France, Paris
65 73 Shaftesbury Avenue Westminster Borough London W1D 6EX United Kingdom, London
65 rue Blanche 9th arr 75009 Paris France, Paris
65 rue des Saints P res 6th arr 75006 Paris France, Paris
66 Boulevard Barb s 18th arr 75018 Paris France, Paris
66 Great Queen Street Covent Garden Camden London WC2B 5BX United Kingdom, London
66 Knightsbridge Westminster Borough London SW1X 7LA United Kingdom, London
67 rue Blanche 9th arr 75009 Paris France, Paris
68 86 Cromwell Road Kensington Kensington and Chelsea London SW7 5BT United Kingdom, London
68 Boulevard De Clichy 18th arr 75018 Paris France, Paris
68 Regent Street West End Mayfair Westminster Borough London W1B 4DY United Kingdom, London
69 Boulevard Victor 15th arr 75015 Paris France, Paris
69 Vincent Square Westminster Borough London SW1P 2PA United Kingdom, London
7 11 Queensberry Place Kensington and Chelsea London SW7 2DL United Kingdom, London
7 11 Rue Saint Benoit 6th arr 75006 Paris France, Paris
7 8 Park Place Westminster Borough London SW1A 1LP United Kingdom, London
7 9 Copthall Avenue City of London London EC2R 7NJ United Kingdom, City of London
7 9 High Street Kensington Kensington and Chelsea London W8 5NP United Kingdom, London
7 9 rue du Conservatoire 9th arr 75009 Paris France, Paris
7 9 Rue Pierre Chausson 10th arr 75010 Paris France, Paris
7 Boulevard Bourdon 4th arr 75004 Paris France, Paris
7 Gracechurch Street City of London London EC3V 0DR United Kingdom, City of London
7 Montague Street Bloomsbury Camden London WC1B 5BP United Kingdom, London
7 Pepys Street City of London London EC3N 4AF United Kingdom, City of London
7 rue Casimir Delavigne 6th arr 75006 Paris France, Paris
7 rue Cl ment Marot 8th arr 75008 Paris France, Paris
7 rue d Argenson 8th arr 75008 Paris France, Paris
7 rue de Berri 8th arr 75008 Paris France, Paris
7 Rue De L h tel Colbert 5th arr 75005 Paris France, Paris
7 Rue des Petits H tels 10th arr 75010 Paris France, Paris
7 Rue Du Bourg L abb 3rd arr 75003 Paris France, Paris
7 rue du G n ral de Larminat 15th arr 75015 Paris France, Paris
7 Rue Magellan 8th arr 75008 Paris France, Paris
7 Rue Paul Albert 18th arr 75018 Paris France, Paris
7 Rue Rennequin 17th arr 75017 Paris France, Paris
7 Western Gateway Royal Victoria Dock Newham London E16 1AA United Kingdom, London
70 avenue des Champs Elysees 8th arr 75008 Paris France, Paris
71 79 Southwark Street Southwark London SE1 0JA United Kingdom, London
71 Rue de Charonne 11th arr 75011 Paris France, Paris
71 Vincent Square Westminster Borough London SW1P 2PA United Kingdom, London
74 rue Amelot 11th arr 75011 Paris France, Paris
75 Gower Street Camden London WC1E 6HJ United Kingdom, London
78 82 Westbourne Terrace Westminster Borough London W2 6QA United Kingdom, London
78 84 Sussex Gardens Westminster Borough London W2 1UH United Kingdom, London
78 Bis Avenue Marceau 8th arr 75008 Paris France, Paris
78 Rue Blomet 15th arr 75015 Paris France, Paris
79 81 avenue du Maine 14th arr 75014 Paris France, Paris
79 rue Saint Dominique 7th arr 75007 Paris France, Paris
8 10 Queensberry Place Kensington and Chelsea London SW7 2EA United Kingdom, London
8 10 Rue F licien David 16th arr 75016 Paris France, Paris
8 12 Manchester Street Westminster Borough London W1U 4DG United Kingdom, London
8 14 Talbot Sq Paddington Westminster Borough London W2 1TS United Kingdom, London
8 18 London Bridge St Southwark London SE1 9SG United Kingdom, London
8 Avenue Rapp 7th arr 75007 Paris France, Paris
8 Balderton Street Brown Hart Gardens Westminster Borough London W1K 6TF United Kingdom, London
8 bis Avenue de la Soeur Rosalie 13th arr 75013 Paris France, Paris
8 Boulevard Beaumarchais 11th arr 75011 Paris France, Paris
8 Northumberland Avenue Westminster Borough London WC2N 5BY United Kingdom, London
8 Pembridge Garden Kensington and Chelsea London W2 4DU United Kingdom, London
8 Place Marguerite de Navarre 1st arr 75001 Paris France, Paris
8 Rue Cambon 1st arr 75001 Paris France, Paris
8 rue Chambiges 8th arr 75008 Paris France, Paris
8 rue d Anjou 8th arr 75008 Paris France, Paris
8 Rue De Bellechasse 7th arr 75007 Paris France, Paris
8 rue de Verneuil 7th arr 75007 Paris France, Paris
8 rue Fr d ric Bastiat 8th arr 75008 Paris France, Paris
8 Rue Francois 1Er 8th arr 75008 Paris France, Paris
8 Rue Jean Goujon 8th arr 75008 Paris France, Paris
8 rue Laferriere 9th arr 75009 Paris France, Paris
80 86 Belgrave Road Westminster Borough London SW1V 2BJ United Kingdom, London
81 103 Euston Street Camden London NW1 2EZ United Kingdom, London
81 boulevard Gouvion Saint Cyr 17th arr 75017 Paris France, Paris
81 Great Eastern Street Islington London EC2A 3HU United Kingdom, London
81 Jermyn Street Westminster Borough London SW1Y 6JF United Kingdom, London
82 Dalston Lane Hackney London E8 3AH United Kingdom, London
82 Gloucester Place Westminster Borough London W1U 6HN United Kingdom, London
83 avenue Kl ber 16th arr 75016 Paris France, Paris
84 King Street Hammersmith and Fulham London W6 0QW United Kingdom, London
85 87 RUE DES ARCHIVES 3rd arr 75003 Paris France, Paris
85 Rue De Bercy 12th arr 75012 Paris France, Paris
86 88 Clerkenwell Road Islington London EC1M 5RJ United Kingdom, London
86 Park Lane Westminster Borough London W1K 7TN United Kingdom, London
86 Quai D Austerlitz 13th arr 75013 Paris France, Paris
86 Rue Saint Denis 1st arr 75001 Paris France, Paris
88 Bis Avenue Kl ber 16th arr 75016 Paris France, Paris
88 Holland Road Kensington and Chelsea London W14 8BN United Kingdom, London
88 Queens Gate Kensington and Chelsea London SW7 5AB United Kingdom, London
88 rue du Faubourg Poissoni re 10th arr 75010 Paris France, Paris
9 11 rue Balzac 8th arr 75008 Paris France, Paris
9 11 Sydney Street Kensington and Chelsea London SW3 6PU United Kingdom, London
9 13 Bloomsbury Street Nr Covent Garden Camden London WC1B 3QD United Kingdom, London
9 Carrefour de l Od on 6th arr 75006 Paris France, Paris
9 Knaresborough Place Kensington and Chelsea London SW5 0TP United Kingdom, London
9 Place Boulnois 17th arr 75017 Paris France, Paris
9 Rue de Constantinople 8th arr 75008 Paris France, Paris
9 rue de la Michodi re 2nd arr 75002 Paris France, Paris
9 Rue De Li ge 9th arr 75009 Paris France, Paris
9 Rue de Washington 8th arr 75008 Paris France, Paris
9 Rue du Sommerard 5th arr 75005 Paris France, Paris
9 rue frochot 9th arr 75009 Paris France, Paris
9 rue Git le Coeur 6th arr 75006 Paris France, Paris
9 rue Gr goire de Tours 6th arr 75006 Paris France, Paris
9 Rue Littr 6th arr 75006 Paris France, Paris
9 Rue Sainte Beuve 6th arr 75006 Paris France, Paris
9 Villa de Saxe 7th arr 75007 Paris France, Paris
90 92 Lancaster Gate Westminster Borough London W2 3NR United Kingdom, London
92 rue de Vaugirard 6th arr 75006 Paris France, Paris
92 Rue Du Cherche Midi 6th arr 75006 Paris France, Paris
92 Rue La Boetie 8th arr 75008 Paris France, Paris
92 Southampton Row Camden London WC1B 4BH United Kingdom, London
93 Rue de Lille 7th arr 75007 Paris France, Paris
95 Rue de Richelieu 2nd arr 75002 Paris France, Paris
97 avenue des Ternes 17th arr 75017 Paris France, Paris
97 Cromwell Road Kensington and Chelsea London SW7 4DN United Kingdom, London
97 Great Russell Street Bloomsbury Camden London WC1B 3LB United Kingdom, London
97 rue La Bo tie 8th arr 75008 Paris France, Paris
97 rue Lauriston 16th arr 75016 Paris France, Paris
98 Avenue d Italie 13th arr 75013 Paris France, Paris
98 Rue De Clery 2nd arr 75002 Paris France, Paris
99 Bis Rue De Rome 17th arr 75017 Paris France, Paris
Albany Street London NW1 3UP United Kingdom, London
Albert Cuypstraat 2 6 Oud Zuid 1072 CT Amsterdam Netherlands, Amsterdam
Aldwych Westminster Borough London WC2B 4DD United Kingdom, London
Aletta Jacobslaan 7 Slotervaart 1066 BP Amsterdam Netherlands, Amsterdam
Althanstra e 5 09 Alsergrund 1090 Vienna Austria, Vienna
Alzaia Naviglio Grande 8 Navigli 20144 Milan Italy, Milano
Am Heumarkt 35 37 03 Landstra e 1030 Vienna Austria, Vienna
Am Hof 2 01 Innere Stadt 1010 Vienna Austria, Vienna
Am Stadtpark 1 03 Landstra e 1030 Vienna Austria, Vienna
Ample 1 Pla a Duc de Medinaceli Ciutat Vella 08002 Barcelona Spain, Barcelona
Amstelstraat 17 Amsterdam City Center 1017 DA Amsterdam Netherlands, Amsterdam
Angli 60 Sarri St Gervasi 08017 Barcelona Spain, Barcelona
Anna van den Vondelstraat 6 Oud West 1054 GZ Amsterdam Netherlands, Amsterdam
Annagasse 16 01 Innere Stadt 1010 Vienna Austria, Vienna
Annagasse 7 01 Innere Stadt 1010 Vienna Austria, Vienna
Apollolaan 101 105 Oud Zuid 1077 AN Amsterdam Netherlands, Amsterdam
Apollolaan 123 125 Oud Zuid 1077 AP Amsterdam Netherlands, Amsterdam
Apollolaan 138 Oud Zuid 1077 BG Amsterdam Netherlands, Amsterdam
Apollolaan 2 Oud Zuid 1077 BA Amsterdam Netherlands, Amsterdam
Arcs 10 Ciutat Vella 08002 Barcelona Spain, Barcelona
Arend Janszoon Ernststraat 577 Zuideramstel 1082 LD Amsterdam Netherlands, Amsterdam
Aribau 33 Eixample 08011 Barcelona Spain, Barcelona
Aribau 54 Eixample 08011 Barcelona Spain, Barcelona
Arlandaweg 10 Westpoort 1043 EW Amsterdam Netherlands, Amsterdam
Aspernbr ckengasse 1 02 Leopoldstadt 1020 Vienna Austria, Vienna
Auerspergstra e 9 08 Josefstadt 1080 Vienna Austria, Vienna
Ausi s Marc 34 Eixample 08010 Barcelona Spain, Barcelona
Avenida Bogatell 64 68 Sant Mart 08005 Barcelona Spain, Barcelona
Avenida Diagonal 1 Sant Mart 08019 Barcelona Spain, Barcelona
Avenida Diagonal 201 Sant Mart 08018 Barcelona Spain, Barcelona
Avenida Diagonal 205 Sant Mart 08018 Barcelona Spain, Barcelona
Avenida Diagonal 555 Les Corts 08029 Barcelona Spain, Barcelona
Avenida Diagonal 568 Sarri St Gervasi 08021 Barcelona Spain, Barcelona
Avenida Diagonal 570 Sarri St Gervasi 08021 Barcelona Spain, Barcelona
Avenida Diagonal 589 591 Les Corts 08014 Barcelona Spain, Barcelona
Avenida Diagonal 596 Sarri St Gervasi 08021 Barcelona Spain, Barcelona
Avenida Diagonal 661 671 Les Corts 08028 Barcelona Spain, Barcelona
Avenida Litoral 10 Ciutat Vella 08005 Barcelona Spain, Barcelona
Avenida Marqu s de l Argentera 4 Ciutat Vella 08003 Barcelona Spain, Barcelona
Avenida Meridiana 151 Sant Mart 08026 Barcelona Spain, Barcelona
Avenida Paralelo 57 59 Sants Montju c 08004 Barcelona Spain, Barcelona
Avenida Pearson 1 3 Les Corts 08034 Barcelona Spain, Barcelona
Avenida Rius y Taulet 1 3 Sants Montju c 08004 Barcelona Spain, Barcelona
Avenida Roma 2 4 Sants Montju c 08014 Barcelona Spain, Barcelona
Avenida Roma 22 30 Eixample 08015 Barcelona Spain, Barcelona
Avenida Roma 23 Eixample 08029 Barcelona Spain, Barcelona
Avenida Roma 93 95 Eixample 08029 Barcelona Spain, Barcelona
Avenida Sarri 50 Les Corts 08029 Barcelona Spain, Barcelona
Avenida Tibidabo 1 Sarri St Gervasi 08022 Barcelona Spain, Barcelona
Avinguda Catedral 7 Ciutat Vella 08002 Barcelona Spain, Barcelona
Avinguda Icaria 195 Sant Mart 08005 Barcelona Spain, Barcelona
Avinguda Paral lel 76 78 Ciutat Vella 08001 Barcelona Spain, Barcelona
Avinyo 30 Ciutat Vella 08002 Barcelona Spain, Barcelona
Ballester 77 81 Gr cia 08023 Barcelona Spain, Barcelona
Balmes 103 105 Eixample 08008 Barcelona Spain, Barcelona
Balmes 117 Eixample 08008 Barcelona Spain, Barcelona
Balmes 142 146 Eixample 08008 Barcelona Spain, Barcelona
Basil Street Knightsbridge Kensington and Chelsea London SW3 1AT United Kingdom, London
Baumgasse 83 03 Landstra e 1030 Vienna Austria, Vienna
Belgrove Street Camden London WC1H 8AB United Kingdom, London
Bellamyplein 47 Oud West 1053 AT Amsterdam Netherlands, Amsterdam
Beltran i R zpide 7 9 Les Corts 08034 Barcelona Spain, Barcelona
Bergara 11 Eixample 08002 Barcelona Spain, Barcelona
Bergara 2 4 Eixample 08002 Barcelona Spain, Barcelona
Bergara 8 Eixample 08002 Barcelona Spain, Barcelona
Berruguete 126 Horta Guinard 08035 Barcelona Spain, Barcelona
Bloomsbury Way Camden London WC1A 2SD United Kingdom, London
Boltzmanngasse 8 09 Alsergrund 1090 Vienna Austria, Vienna
Bond Street Mayfair Westminster Borough London W1S 2YF United Kingdom, London
Boquer a 10 Ciutat Vella 08002 Barcelona Spain, Barcelona
Boria 24 26 Ciutat Vella 08003 Barcelona Spain, Barcelona
Breite Gasse 9 07 Neubau 1070 Vienna Austria, Vienna
Bridges Court Road Battersea London SW11 3BE United Kingdom, London
Bryanston Street Marble Arch Westminster Borough London W1H 7EH United Kingdom, London
Buckingham Gate Westminster Borough London SW1E 6AF United Kingdom, London
Burggasse 2 07 Neubau 1070 Vienna Austria, Vienna
C rcega 368 Eixample 08037 Barcelona Spain, Barcelona
C rsega 289 Eixample 08008 Barcelona Spain, Barcelona
Cadogan Place Kensington and Chelsea London SW1X 9PY United Kingdom, London
Calabria 115 117 Eixample 08015 Barcelona Spain, Barcelona
Calabria 90 92 Eixample 08015 Barcelona Spain, Barcelona
Calle K s n Entrada principal Mercabarna Sants Montju c 08040 Barcelona Spain, Barcelona
Calvet 40 42 Sarri St Gervasi 08021 Barcelona Spain, Barcelona
Capellans 4 Ciutat Vella 08002 Barcelona Spain, Barcelona
Capitan Arenas 20 Les Corts 08034 Barcelona Spain, Barcelona
Carburton Street Westminster Borough London W1W 5EE United Kingdom, London
Cardenal Reig 11 Les Corts 08028 Barcelona Spain, Barcelona
Cardington Street Euston Camden London NW1 2LP United Kingdom, London
Carlos Place Westminster Borough London W1K 2AL United Kingdom, London
Carrer de Arag 271 Eixample 08007 Barcelona Spain, Barcelona
Carretera Vallvidrera Tibidabo 83 93 Horta Guinard 08035 Barcelona Spain, Barcelona
Caspe 103 Eixample 08013 Barcelona Spain, Barcelona
Catherine Grove Greenwich Greenwich London SE10 8BB United Kingdom, London
Chassestraat 62 64 De Baarsjes 1057 JJ Amsterdam Netherlands, Amsterdam
Chelsea Harbour Hammersmith and Fulham London SW10 0XG United Kingdom, London
Coburgbastei 4 01 Innere Stadt 1010 Vienna Austria, Vienna
Comte Borrell 208 Eixample 08029 Barcelona Spain, Barcelona
Comte d Urgell 232 Eixample 08036 Barcelona Spain, Barcelona
Consell de Cent 498 500 Eixample 08013 Barcelona Spain, Barcelona
Consell de Cent 51 53 Sants Montju c 08014 Barcelona Spain, Barcelona
Coopers Row City of London London EC3N 2BQ United Kingdom, City of London
Coram Street Camden London WC1N 1HT United Kingdom, London
Corcega 255 Eixample 08036 Barcelona Spain, Barcelona
Corso Buenos Aires 3 Milan City Center 20124 Milan Italy, Milano
Corso Buenos Aires 33 Central Station 20124 Milan Italy, Milano
Corso Buenos Aires 42 5 Central Station 20124 Milan Italy, Milano
Corso Concordia 1 Milan City Center 20129 Milan Italy, Milano
Corso Di Porta Nuova 1 Milan City Center 20121 Milan Italy, Milano
Corso di Porta Romana 48 Milan City Center 20122 Milan Italy, Milano
Corso di Porta Romana 64 Milan City Center 20122 Milan Italy, Milano
Corso di Porta Vigentina 46 Milan City Center 20122 Milan Italy, Milano
Corso Europa 9 Milan City Center 20122 Milan Italy, Milano
Corso Garibaldi 84 Milan City Center 20121 Milan Italy, Milano
Corso Giacomo Matteotti 4 6 Milan City Center 20121 Milan Italy, Milano
Corso Magenta 19 Milan City Center 20123 Milan Italy, Milano
Corso Sempione 69 Fiera Milano City 20149 Milan Italy, Milano
Corso Sempione 91 Fiera Milano City 20149 Milan Italy, Milano
Crist bal de Moura 138 Sant Mart 08019 Barcelona Spain, Barcelona
D u i Mata 66 99 Les Corts 08029 Barcelona Spain, Barcelona
Dam 9 Amsterdam City Center 1012 JS Amsterdam Netherlands, Amsterdam
Damrak 1 5 Amsterdam City Center 1012 LG Amsterdam Netherlands, Amsterdam
Damrak 93 94 Amsterdam City Center 1012 LP Amsterdam Netherlands, Amsterdam
Damrak 96 Amsterdam City Center 1012 LP Amsterdam Netherlands, Amsterdam
Daungasse 1 6 7 08 Josefstadt 1080 Vienna Austria, Vienna
De Boelelaan 2 Zuideramstel 1083 HJ Amsterdam Netherlands, Amsterdam
De Passage 90 Noord Holland Zuidoost 1101 AX Amsterdam Netherlands, Amsterdam
Delflandlaan 15 Slotervaart 1062 EA Amsterdam Netherlands, Amsterdam
Dels Lledo 7 Ciutat Vella 08003 Barcelona Spain, Barcelona
Desider Friedmann Platz 2 01 Innere Stadt 1010 Vienna Austria, Vienna
Diagonal Pere IV 272 Sant Mart 08005 Barcelona Spain, Barcelona
Dijsselhofplantsoen 7 Oud Zuid 1077 BJ Amsterdam Netherlands, Amsterdam
Diputaci 195 Eixample 08011 Barcelona Spain, Barcelona
Diputaci 257 Eixample 08007 Barcelona Spain, Barcelona
Diputaci 262 264 Eixample 08007 Barcelona Spain, Barcelona
Diputacion 250 Eixample 08007 Barcelona Spain, Barcelona
Distelkade 21 Amsterdam Noord 1031 XP Amsterdam Netherlands, Amsterdam
Doctor Carulla 25 Sarri St Gervasi 08017 Barcelona Spain, Barcelona
Doctor Trueta 164 Sant Mart 08005 Barcelona Spain, Barcelona
Donau City Stra e 7 22 Donaustadt 1220 Vienna Austria, Vienna
Dorotheergasse 3 01 Innere Stadt 1010 Vienna Austria, Vienna
Duc De Medinaceli 8 Ciutat Vella 08002 Barcelona Spain, Barcelona
Eerste Constantijn Huygensstraat 10A Oud West 1054 BR Amsterdam Netherlands, Amsterdam
Eerste Constantijn huygensstraat 26G Oud West 1054 BR Amsterdam Netherlands, Amsterdam
Elisabets 11 Ciutat Vella 08001 Barcelona Spain, Barcelona
Empire Way Wembley Brent London HA9 8DS United Kingdom, London
Engerthstra e 173 175 02 Leopoldstadt 1020 Vienna Austria, Vienna
Enric Granados 62 64 Eixample 08008 Barcelona Spain, Barcelona
Enrique Granados 83 Eixample 08008 Barcelona Spain, Barcelona
Epping Forest 30 Oak Hill London IG8 9NY United Kingdom, London
Espronceda 6 Sant Mart 08005 Barcelona Spain, Barcelona
Europaboulevard 10 Zuideramstel 1083 AD Amsterdam Netherlands, Amsterdam
Euston Road Camden London NW1 2AR United Kingdom, London
Excel 2 Festoon Way Royal Victoria Dock Newham London E16 1RH United Kingdom, London
F hrichgasse 10 01 Innere Stadt 1010 Vienna Austria, Vienna
Favoritenstra e 12 04 Wieden 1040 Vienna Austria, Vienna
Felberstra e 4 15 Rudolfsheim F nfhaus 1150 Vienna Austria, Vienna
Ferdinand Bolstraat 194 Oud Zuid 1072 LW Amsterdam Netherlands, Amsterdam
Ferdinand Bolstraat 333 Oud Zuid 1072 LH Amsterdam Netherlands, Amsterdam
Filmteichstra e 5 10 Favoriten 1100 Vienna Austria, Vienna
Fizeaustraat 2 Oost 1097 SC Amsterdam Netherlands, Amsterdam
Fleischmarkt 1a 01 Innere Stadt 1010 Vienna Austria, Vienna
Frankenberggasse 10 04 Wieden 1040 Vienna Austria, Vienna
Freytaggasse 25 27 21 Floridsdorf 1210 Vienna Austria, Vienna
Fulham Road Stamford Bridge Hammersmith and Fulham London SW6 1HS United Kingdom, London
Galleria Del Corso 3 Milan City Center 20122 Milan Italy, Milano
George Gershwinlaan 101 Zuideramstel 1082 MT Amsterdam Netherlands, Amsterdam
George Street Westminster Borough London W1H 5BJ United Kingdom, London
Getreidemarkt 5 06 Mariahilf 1060 Vienna Austria, Vienna
Girona 158 Eixample 08037 Barcelona Spain, Barcelona
Gran V a de les Corts Catalanes 322 Sants Montju c 08004 Barcelona Spain, Barcelona
Gran V a De Les Corts Catalanes 570 Eixample 08011 Barcelona Spain, Barcelona
Gran V a de Les Corts Catalanes 647 Eixample 08010 Barcelona Spain, Barcelona
Gran V a de les Corts Catalanes 670 Eixample 08010 Barcelona Spain, Barcelona
Gran Via 550 Eixample 08011 Barcelona Spain, Barcelona
Gran Via 559 Eixample 08012 Barcelona Spain, Barcelona
Gran Via 605 Eixample 08007 Barcelona Spain, Barcelona
Gran Via Corts Catalanes 656 Eixample 08010 Barcelona Spain, Barcelona
Gran Via de las Corts Catalanes 629 Eixample 08010 Barcelona Spain, Barcelona
Gran Via de les Corts Catalanes 644 Eixample 08007 Barcelona Spain, Barcelona
Gran Via de les Corts Catalanes 668 Eixample 08010 Barcelona Spain, Barcelona
Gran Via de les Corts Catalanes 678 Eixample 08010 Barcelona Spain, Barcelona
Gran Via de les Corts Catalanes 700 Eixample 08010 Barcelona Spain, Barcelona
Great Cumberland Place Westminster Borough London W1H 7DL United Kingdom, London
Grieshofgasse 11 12 Meidling 1120 Vienna Austria, Vienna
Gro e Stadtgutgasse 31 02 Leopoldstadt 1020 Vienna Austria, Vienna
Grosvenor Square Westminster Borough London W1K 6JP United Kingdom, London
Gudrunstra e 184 10 Favoriten 1100 Vienna Austria, Vienna
Guillem Tell 49 Sarri St Gervasi 08006 Barcelona Spain, Barcelona
Gutheil Schoder Gasse 7B 10 Favoriten 1100 Vienna Austria, Vienna
Habsburgergasse 5 01 Innere Stadt 1010 Vienna Austria, Vienna
Hafnersteig 7 01 Innere Stadt 1010 Vienna Austria, Vienna
Half Moon Street Westminster Borough London W1J 7BH United Kingdom, London
Half Moon Street Westminster Borough London W1J 7BN United Kingdom, London
Halkin Street Westminster Borough London SW1X 7DJ United Kingdom, London
Hamilton Place Park Lane Westminster Borough London W1J 7DR United Kingdom, London
Handelskai 269 02 Leopoldstadt 1020 Vienna Austria, Vienna
Hanger Lane Ealing London W5 3HL United Kingdom, London
Harmoniegasse 5 7 09 Alsergrund 1090 Vienna Austria, Vienna
Hendrikje Stoffelstraat 1 Slotervaart 1058 GC Amsterdam Netherlands, Amsterdam
Herengracht 255 Amsterdam City Center 1016 BJ Amsterdam Netherlands, Amsterdam
Herengracht 341 Amsterdam City Center 1016 AZ Amsterdam Netherlands, Amsterdam
Herengracht 519 525 Amsterdam City Center 1017 BV Amsterdam Netherlands, Amsterdam
Herengracht 542 556 Amsterdam City Center 1017 CG Amsterdam Netherlands, Amsterdam
Hernalser Hauptstra e 105 17 Hernals 1170 Vienna Austria, Vienna
Hernalser Hauptstra e 187 17 Hernals 1170 Vienna Austria, Vienna
Herrengasse 10 01 Innere Stadt 1010 Vienna Austria, Vienna
Herrengasse 12 01 Innere Stadt 1010 Vienna Austria, Vienna
Hertha Firnberg Stra e 5 10 Favoriten 1100 Vienna Austria, Vienna
Hietzinger Hauptstra e 10 14 13 Hietzing 1130 Vienna Austria, Vienna
Hietzinger Hauptstra e 134 13 Hietzing 1130 Vienna Austria, Vienna
Hintschiggasse 1 10 Favoriten 1100 Vienna Austria, Vienna
Hobbemakade 50 Oud Zuid 1071 XL Amsterdam Netherlands, Amsterdam
Hoffingergasse 26 28 12 Meidling 1120 Vienna Austria, Vienna
Holland Park Avenue Kensington and Chelsea London W11 4UL United Kingdom, London
Hollandstra e 3 02 Leopoldstadt 1020 Vienna Austria, Vienna
Hoogoorddreef 1 Zuidoost 1101 BA Amsterdam Netherlands, Amsterdam
Hoogoorddreef 66 Zuidoost 1101 BE Amsterdam Netherlands, Amsterdam
Hyde Park Corner Westminster Borough London SW1X 7TA United Kingdom, London
Ijburglaan 539 Zeeburg 1087 BE Amsterdam Netherlands, Amsterdam
IJdock 6 Amsterdam City Center 1013 MM Amsterdam Netherlands, Amsterdam
Imperial Road Hammersmith and Fulham London SW6 2GA United Kingdom, London
Jaime I 14 Ciutat Vella 08002 Barcelona Spain, Barcelona
Jan Luijkenstraat 76 Oud Zuid 1071 CT Amsterdam Netherlands, Amsterdam
Jan Luykenstraat 58 Oud Zuid 1071 CS Amsterdam Netherlands, Amsterdam
Jaume I 6 Ciutat Vella 08002 Barcelona Spain, Barcelona
Joan G ell 207 211 Les Corts 08028 Barcelona Spain, Barcelona
Joan Muyskenweg 10 Oost 1096 CJ Amsterdam Netherlands, Amsterdam
Johann H rbiger Gasse 30 23 Liesing 1230 Vienna Austria, Vienna
Johann Staud Stra e 32 16 Ottakring 1160 Vienna Austria, Vienna
Johannesgasse 28 03 Landstra e 1030 Vienna Austria, Vienna
John M Keynesplein 2 Slotervaart 1066 EP Amsterdam Netherlands, Amsterdam
Josefsgasse 4 6 08 Josefstadt 1080 Vienna Austria, Vienna
Josep Pla 69 Sant Mart 08019 Barcelona Spain, Barcelona
K llnerhofgasse 6 01 Innere Stadt 1010 Vienna Austria, Vienna
K rntner Ring 1 01 Innere Stadt 1015 Vienna Austria, Vienna
K rntner Ring 16 01 Innere Stadt 1015 Vienna Austria, Vienna
K rntner Ring 8 01 Innere Stadt 1010 Vienna Austria, Vienna
K rntner Ring 9 01 Innere Stadt 1010 Vienna Austria, Vienna
K rntner Stra e 22 01 Innere Stadt 1010 Vienna Austria, Vienna
K rntner Stra e 32 34 01 Innere Stadt 1010 Vienna Austria, Vienna
K rntnerstra e 18 Eingang Neuer Markt 3 01 Innere Stadt 1010 Vienna Austria, Vienna
Karl Popper Stra e 22 10 Favoriten 1100 Vienna Austria, Vienna
Karspeldreef 2 Zuidoost 1101 CJ Amsterdam Netherlands, Amsterdam
Kattengat 1 Amsterdam City Center 1012 SZ Amsterdam Netherlands, Amsterdam
Keizersgracht 148 Amsterdam City Center 1015 CX Amsterdam Netherlands, Amsterdam
Keizersgracht 164 Amsterdam City Center 1015 CZ Amsterdam Netherlands, Amsterdam
Keizersgracht 384 Amsterdam City Center 1016 GB Amsterdam Netherlands, Amsterdam
King s Cross St Pancras International Station Pancras Road Camden London N1C 4TB United Kingdom, London
King William Walk Greenwich London SE10 9JW United Kingdom, London
Kirchberggasse 6 07 Neubau 1070 Vienna Austria, Vienna
Kirchengasse 41 07 Neubau 1070 Vienna Austria, Vienna
Kleine Stadtgutgasse 4 02 Leopoldstadt 1020 Vienna Austria, Vienna
Koninginneweg 34 36 Oud Zuid 1075 CZ Amsterdam Netherlands, Amsterdam
La Rambla 105 Ciutat Vella 08002 Barcelona Spain, Barcelona
La Rambla 109 Ciutat Vella 08002 Barcelona Spain, Barcelona
La Rambla 128 Ciutat Vella 08002 Barcelona Spain, Barcelona
La Rambla 22 24 Ciutat Vella 08002 Barcelona Spain, Barcelona
Lakeside Way Brent London HA9 0BU United Kingdom, London
Lancaster Gate Westminster Borough London W2 3LG United Kingdom, London
Lancaster Terrace Hyde Park Westminster Borough London W2 3PF United Kingdom, London
Lancaster Terrace Westminster Borough London W2 2TY United Kingdom, London
Landstra er Hauptstra e 120 03 Landstra e 1030 Vienna Austria, Vienna
Landstra er Hauptstra e 155 03 Landstra e 1030 Vienna Austria, Vienna
Landstra er Hauptstra e 28 03 Landstra e 1030 Vienna Austria, Vienna
Lange Gasse 13 08 Josefstadt 1080 Vienna Austria, Vienna
Largo Augusto 10 Milan City Center 20122 Milan Italy, Milano
Largo Rio de Janeiro 12 Citt Studi 20133 Milan Italy, Milano
Las Ramblas 117 Ciutat Vella 08002 Barcelona Spain, Barcelona
Leeuwendalersweg 21 Bos en Lommer 1055 JE Amsterdam Netherlands, Amsterdam
Leidsekade 97 Amsterdam City Center 1017 PN Amsterdam Netherlands, Amsterdam
Lepanto 406 Horta Guinard 08025 Barcelona Spain, Barcelona
Lerchenfelder Stra e 1 3 07 Neubau 1070 Vienna Austria, Vienna
Lichtensteg 3 01 Innere Stadt 1010 Vienna Austria, Vienna
Linnaeusstraat 89 Oost 1093 EK Amsterdam Netherlands, Amsterdam
Linzer Stra e 165 14 Penzing 1140 Vienna Austria, Vienna
Llan 24 Eixample 08015 Barcelona Spain, Barcelona
Llull 340 Sant Mart 08019 Barcelona Spain, Barcelona
London County Hall Westminster Bridge Road Lambeth London SE1 7PB United Kingdom, London
Lope de Vega 141 Sant Mart 08005 Barcelona Spain, Barcelona
Lope de Vega 4 Sant Mart 08005 Barcelona Spain, Barcelona
Loreto 21 25 Les Corts 08029 Barcelona Spain, Barcelona
Loreto 28 Les Corts 08029 Barcelona Spain, Barcelona
Lowndes Street Kensington and Chelsea London SW1X 9ES United Kingdom, London
Magdalenes 13 15 Ciutat Vella 08002 Barcelona Spain, Barcelona
Mallorca 1 23 Sants Montju c 08014 Barcelona Spain, Barcelona
Mallorca 178 Eixample 08036 Barcelona Spain, Barcelona
Mallorca 181 Eixample 08036 Barcelona Spain, Barcelona
Mallorca 216 Eixample 08008 Barcelona Spain, Barcelona
Mallorca 251 Eixample 08008 Barcelona Spain, Barcelona
Mallorca 269 271 Eixample 08008 Barcelona Spain, Barcelona
Mallorca 288 Eixample 08037 Barcelona Spain, Barcelona
Mandeville Place Westminster Borough London W1U 2BE United Kingdom, London
Manor Road London IG8 8AE United Kingdom, London
Manuel Girona 7 21 Sarri St Gervasi 08034 Barcelona Spain, Barcelona
Margareteng rtel 142 05 Margareten 1050 Vienna Austria, Vienna
Margaretenstra e 53 05 Margareten 1050 Vienna Austria, Vienna
Margaretenstra e 92 05 Margareten 1050 Vienna Austria, Vienna
Mariahilfer Stra e 122 Ecke Kaiserstra e 1 3 07 Neubau 1070 Vienna Austria, Vienna
Mariahilfer Stra e 15 06 Mariahilf 1060 Vienna Austria, Vienna
Mariahilfer Stra e 32 34 07 Neubau 1070 Vienna Austria, Vienna
Mariahilfer Stra e 57 59 06 Mariahilf 1060 Vienna Austria, Vienna
Mariahilfer Stra e 78 07 Neubau 1070 Vienna Austria, Vienna
Mariano Cubi 62 64 Sarri St Gervasi 08006 Barcelona Spain, Barcelona
Marina 19 21 08005 Barcelona Spain, Barcelona
Matrosengasse 6 8 06 Mariahilf 1060 Vienna Austria, Vienna
Mautner Markhof Gasse 50 11 Simmering 1110 Vienna Austria, Vienna
Molenwerf 1 1014 AG Amsterdam Netherlands, Amsterdam
Moll de Barcelona WTC Ciutat Vella 08039 Barcelona Spain, Barcelona
Mommsengasse 5 04 Wieden 1040 Vienna Austria, Vienna
Muntaner 212 Eixample 08036 Barcelona Spain, Barcelona
Muntaner 352 Sarri St Gervasi 08021 Barcelona Spain, Barcelona
Muntaner 505 Sarri St Gervasi 08022 Barcelona Spain, Barcelona
Naritaweg 1 Westpoort 1043 BP Amsterdam Netherlands, Amsterdam
Ndsm Plein 28 Amsterdam Noord 1033 WB Amsterdam Netherlands, Amsterdam
Nes 49 Amsterdam City Center 1012 KD Amsterdam Netherlands, Amsterdam
Neubaug rtel 26 28 07 Neubau 1070 Vienna Austria, Vienna
Neubaug rtel 34 36 07 Neubau 1070 Vienna Austria, Vienna
Neustift am Walde 97 99 19 D bling 1190 Vienna Austria, Vienna
Nicaragua 47 Sants Montju c 08029 Barcelona Spain, Barcelona
Nieuwe Doelenstraat 2 14 Amsterdam City Center 1012 CP Amsterdam Netherlands, Amsterdam
Nieuwe Doelenstraat 24 Amsterdam City Center 1012 CP Amsterdam Netherlands, Amsterdam
Nieuwezijds Voorburgwal 176 180 Amsterdam City Center 1012 SJ Amsterdam Netherlands, Amsterdam
Nieuwezijds Voorburgwal 67 Amsterdam City Center 1012 RE Amsterdam Netherlands, Amsterdam
Nieuwezijdskolk 19 Amsterdam City Center 1012 PV Amsterdam Netherlands, Amsterdam
No 1 Seething Lane City of London London EC3N 4AX United Kingdom, City of London
Noorderstraat 46 Amsterdam City Center 1017 TV Amsterdam Netherlands, Amsterdam
Nou de la Rambla 36 Ciutat Vella 08001 Barcelona Spain, Barcelona
Numancia 32 Sants Montju c 08029 Barcelona Spain, Barcelona
Numancia 74 Les Corts 08029 Barcelona Spain, Barcelona
Old Park Lane Westminster Borough London W1K 1LB United Kingdom, London
One Eastern Gateway Royal Victoria Dock Newham London E16 1FR United Kingdom, London
One Ham Yard Westminster Borough London W1D 7DT United Kingdom, London
Oosterdoksstraat 4 Amsterdam City Center 1011 DK Amsterdam Netherlands, Amsterdam
Opernring 11 01 Innere Stadt 1010 Vienna Austria, Vienna
Ottakringer Stra e 34 36 17 Hernals 1170 Vienna Austria, Vienna
Oude Haagseweg 20 Slotervaart 1066 BW Amsterdam Netherlands, Amsterdam
Oudeschans 75 Amsterdam City Center 1011 KW Amsterdam Netherlands, Amsterdam
Oudezijds Voorburgwal 197 Amsterdam City Center 1012 EX Amsterdam Netherlands, Amsterdam
Overhoeksplein 7 Amsterdam Noord 1031 KS Amsterdam Netherlands, Amsterdam
Palaud ries 26 Sants Montju c 08004 Barcelona Spain, Barcelona
Pallars 121 125 Sant Mart 08018 Barcelona Spain, Barcelona
Pallars 128 130 Sant Mart 08018 Barcelona Spain, Barcelona
Panama Laan 188 196 Zeeburg 1019 AZ Amsterdam Netherlands, Amsterdam
Papagenogasse 6 06 Mariahilf 1060 Vienna Austria, Vienna
Paral lel 115 Sants Montju c 08004 Barcelona Spain, Barcelona
Park Lane Westminster Borough London W1K 7TN United Kingdom, London
Parkring 12 01 Innere Stadt 1010 Vienna Austria, Vienna
Parkring 12a 01 Innere Stadt 1010 Vienna Austria, Vienna
Pas de Sota Muralla 9 Ciutat Vella 08003 Barcelona Spain, Barcelona
Paseo de Gracia 46 Eixample 08007 Barcelona Spain, Barcelona
Paseo de Gracia 73 Eixample 08008 Barcelona Spain, Barcelona
Paseo de Gracia 75 Eixample 08008 Barcelona Spain, Barcelona
Paseo Garc a Faria 37 47 Sant Mart 08019 Barcelona Spain, Barcelona
Paseo Garc a I Faria 69 71 Sant Mart 08019 Barcelona Spain, Barcelona
Paseo Taulat 278 Sant Mart 08019 Barcelona Spain, Barcelona
Passeig Colom 12 Ciutat Vella 08002 Barcelona Spain, Barcelona
Passeig de Colom 9 Ciutat Vella 08002 Barcelona Spain, Barcelona
Passeig de Gr cia 29 Eixample 08007 Barcelona Spain, Barcelona
Passeig de Gr cia 38 40 Eixample 08007 Barcelona Spain, Barcelona
Passeig de Gracia 132 Gr cia 08008 Barcelona Spain, Barcelona
Passeig de Gracia 62 Eixample 08007 Barcelona Spain, Barcelona
Passeig de Gracia 68 Eixample 08007 Barcelona Spain, Barcelona
Passeig de Gracia 84 Eixample 08008 Barcelona Spain, Barcelona
Passeig de Picasso 26 30 Ciutat Vella 08003 Barcelona Spain, Barcelona
Passeig de Sant Antoni 36 40 Sants Montju c 08014 Barcelona Spain, Barcelona
Passeig del Taulat 262 264 Sant Mart 08019 Barcelona Spain, Barcelona
Pasteurgasse 1 09 Alsergrund 1090 Vienna Austria, Vienna
Pau Claris 150 Eixample 08009 Barcelona Spain, Barcelona
Pau Claris 179 Eixample 08037 Barcelona Spain, Barcelona
Pelai 28 Ciutat Vella 08002 Barcelona Spain, Barcelona
Pelayo 14 Ciutat Vella 08001 Barcelona Spain, Barcelona
Pelzgasse 1 15 Rudolfsheim F nfhaus 1150 Vienna Austria, Vienna
Peters Lane Cowcross Street Islington London EC1M 6DS United Kingdom, London
Petersplatz 9 01 Innere Stadt 1010 Vienna Austria, Vienna
Philharmoniker Stra e 4 01 Innere Stadt 1010 Vienna Austria, Vienna
Piazza della Repubblica 13 Central Station 20124 Milan Italy, Milano
Piazza Della Repubblica 17 Central Station 20124 Milan Italy, Milano
Piazza della Repubblica 20 Central Station 20124 Milan Italy, Milano
Piazza Duca D Aosta 4 6 Central Station 20124 Milan Italy, Milano
Piazza Duca D Aosta 9 Central Station 20124 Milan Italy, Milano
Piazza Fontana 3 Milan City Center 20122 Milan Italy, Milano
Piazza Gerusalemme 12 Sempione 20154 Milan Italy, Milano
Piazza Gerusalemme 6 Sempione 20154 Milan Italy, Milano
Piazza Giuseppe Missori 1 Milan City Center 20123 Milan Italy, Milano
Piazza Lima 2 Central Station 20124 Milan Italy, Milano
Piazza Luigi di Savoia 20 Central Station 20124 Milan Italy, Milano
Piazza Luigi di Savoia 6 Central Station 20124 Milan Italy, Milano
Piazza Oberdan 12 Milan City Center 20129 Milan Italy, Milano
Piazza Quattro Novembre 3 Central Station 20124 Milan Italy, Milano
Piazza XXIV Maggio 8 Milan City Center 20123 Milan Italy, Milano
Piazzale Lugano 10 Bovisa 20158 Milan Italy, Milano
Piccadilly Westminster Borough London W1J 7BX United Kingdom, London
Piet Heinkade 11 Zeeburg 1019 BR Amsterdam Netherlands, Amsterdam
Pintor Fortuny 13 Ciutat Vella 08001 Barcelona Spain, Barcelona
Pla a Antonio L pez 5 Ciutat Vella 08002 Barcelona Spain, Barcelona
Pla a de Llevant s n Sant Mart 08019 Barcelona Spain, Barcelona
Pla a Reial 1 Ciutat Vella 08001 Barcelona Spain, Barcelona
Pla a Rosa dels Vents 1 Passeig Joan de Borbo Ciutat Vella 08039 Barcelona Spain, Barcelona
Pla a Urquinaona 2 Eixample 08010 Barcelona Spain, Barcelona
Place Andr Malraux 1st arr 75001 Paris France, Paris
Place de l Op ra 4 rue Meyerbeer 9th arr 75009 Paris France, Paris
Plaza Carlos Iba ez 3 Sants Montju c 08038 Barcelona Spain, Barcelona
Plaza de Catalunya 19 Ciutat Vella 08002 Barcelona Spain, Barcelona
Plaza Espa a 6 8 Sants Montju c 08014 Barcelona Spain, Barcelona
Plaza Paisos Catalans s n Sants Montju c 08014 Barcelona Spain, Barcelona
Plaza Parade Camden London NW6 5RP United Kingdom, London
Portland Place Westminster Borough London W1B 1JA United Kingdom, London
Poultry 27 City of London London EC2R 8AJ United Kingdom, City of London
Praterstra e 1 02 Leopoldstadt 1020 Vienna Austria, Vienna
Prins Hendrikkade 108 Amsterdam City Center 1011 AK Amsterdam Netherlands, Amsterdam
Prins Hendrikkade 33 Amsterdam City Center 1012 TM Amsterdam Netherlands, Amsterdam
Prins Hendrikkade 59 72 Amsterdam City Center 1012 AD Amsterdam Netherlands, Amsterdam
Prinsengracht 315 331 Amsterdam City Center 1016 GZ Amsterdam Netherlands, Amsterdam
Prinsengracht 444 Amsterdam City Center 1017 KE Amsterdam Netherlands, Amsterdam
Prinsengracht 587 Amsterdam City Center 1067 HT Amsterdam Netherlands, Amsterdam
Prinsengracht 717 Amsterdam City Center 1017 JW Amsterdam Netherlands, Amsterdam
Prinses Irenestraat 30 Zuideramstel 1077 WX Amsterdam Netherlands, Amsterdam
Professor Tulpplein 1 Amsterdam City Center 1018 GX Amsterdam Netherlands, Amsterdam
Proven als 10 Sant Mart 08019 Barcelona Spain, Barcelona
Provenza 195 Eixample 08008 Barcelona Spain, Barcelona
Provincialeweg 38 Zuidoost 1108 AB Amsterdam Netherlands, Amsterdam
Putget 68 Sarri St Gervasi 08023 Barcelona Spain, Barcelona
Rambla Catalunya 104 Eixample 08008 Barcelona Spain, Barcelona
Rambla Catalunya 26 Eixample 08007 Barcelona Spain, Barcelona
Rambla Catalunya 7 9 Eixample 08007 Barcelona Spain, Barcelona
Rambla de Catalunya 76 Eixample 08008 Barcelona Spain, Barcelona
Rambla del Raval 17 21 Ciutat Vella 08001 Barcelona Spain, Barcelona
Ramblas 111 Ciutat Vella 08002 Barcelona Spain, Barcelona
Ramon Turr 196 198 Sant Mart 08005 Barcelona Spain, Barcelona
Rathausstra e 17 01 Innere Stadt 1010 Vienna Austria, Vienna
Rathstra e 24 Neustift am Walde 19 D bling 1190 Vienna Austria, Vienna
Ratschkygasse 32 12 Meidling 1120 Vienna Austria, Vienna
Rec Comtal 16 18 Ciutat Vella 08003 Barcelona Spain, Barcelona
Rembrandtplein 19 Amsterdam City Center 1017 CT Amsterdam Netherlands, Amsterdam
Rembrandtplein 26 36 Amsterdam City Center 1017 CV Amsterdam Netherlands, Amsterdam
Rembrandtplein 44 Amsterdam City Center 1017 CV Amsterdam Netherlands, Amsterdam
Rennweg 12 03 Landstra e 1030 Vienna Austria, Vienna
Rennweg 12a 03 Landstra e 1030 Vienna Austria, Vienna
Rennweg 16 03 Landstra e 1030 Vienna Austria, Vienna
Rennweg 99 Rinnboeckstrasse 1 03 Landstra e 1030 Vienna Austria, Vienna
Richmond Way Hammersmith and Fulham London W14 0AX United Kingdom, London
Riemergasse 8 01 Innere Stadt 1010 Vienna Austria, Vienna
Rilke Platz 7 04 Wieden 1040 Vienna Austria, Vienna
Riudarenes 7 Ciutat Vella 08002 Barcelona Spain, Barcelona
Robert Stolz Platz 1 01 Innere Stadt 1010 Vienna Austria, Vienna
Roelof Hartstraat 1 Oud Zuid 1071 VE Amsterdam Netherlands, Amsterdam
Roemer Visscherstraat 8 10 Oud West 1054 EV Amsterdam Netherlands, Amsterdam
Roger de Ll ria 17 Eixample 08010 Barcelona Spain, Barcelona
Roger de Ll ria 60 Eixample 08009 Barcelona Spain, Barcelona
Roger de Lluria 16 18 Eixample 08010 Barcelona Spain, Barcelona
Roger De Lluria 21 Esq Gran Via 662 Eixample 08037 Barcelona Spain, Barcelona
Roger de Lluria 28 Eixample 08010 Barcelona Spain, Barcelona
Ronda Sant Pau 14 Ciutat Vella 08001 Barcelona Spain, Barcelona
Ronda Sant Pere 32 Eixample 08010 Barcelona Spain, Barcelona
Ronda Sant Pere 9 Eixample 08010 Barcelona Spain, Barcelona
Ronda Universitat 21 Eixample 08007 Barcelona Spain, Barcelona
Rooseveltplatz 15 09 Alsergrund 1090 Vienna Austria, Vienna
Rosell n 174 176 Eixample 08036 Barcelona Spain, Barcelona
Rossell 249 Eixample 08008 Barcelona Spain, Barcelona
Rossell 265 Eixample 08008 Barcelona Spain, Barcelona
Rossell 390 Eixample 08025 Barcelona Spain, Barcelona
Rossello 191 Eixample 08036 Barcelona Spain, Barcelona
Rotensterngasse 10 02 Leopoldstadt 1020 Vienna Austria, Vienna
Rotensterngasse 7a 02 Leopoldstadt 1020 Vienna Austria, Vienna
Rotenturmstra e 15 01 Innere Stadt 1010 Vienna Austria, Vienna
Royal Victoria Dock Western Gateway Newham London E16 1AL United Kingdom, London
Rudolfsplatz 11 01 Innere Stadt 1010 Vienna Austria, Vienna
Rusland 17 Amsterdam City Center 1012 CK Amsterdam Netherlands, Amsterdam
Sabino de Arana 22 24 Les Corts 08028 Barcelona Spain, Barcelona
San Sever 5 Ciutat Vella 08002 Barcelona Spain, Barcelona
Sancho de vila 32 34 Sant Mart 08018 Barcelona Spain, Barcelona
Sant Pau 9 11 Ciutat Vella 08001 Barcelona Spain, Barcelona
Santa Rosa Esplugues 33 08950 Barcelona Spain, BCN
Santal 8 Sarri St Gervasi 08021 Barcelona Spain, Barcelona
Sarphatistraat 104 Amsterdam City Center 1018 GV Amsterdam Netherlands, Amsterdam
Scarsdale Place Kensington Kensington and Chelsea London W8 5SY United Kingdom, London
Sch nbrunner Schlossstra e 38 40 12 Meidling 1120 Vienna Austria, Vienna
Sch nbrunner Stra e 41 05 Margareten 1050 Vienna Austria, Vienna
Schepenbergweg 50 Zuidoost 1105 AT Amsterdam Netherlands, Amsterdam
Schlossallee 8 14 Penzing 1140 Vienna Austria, Vienna
Schottenfeldgasse 74 07 Neubau 1070 Vienna Austria, Vienna
Schottenring 11 01 Innere Stadt 1010 Vienna Austria, Vienna
Schottenring 24 01 Innere Stadt 1010 Vienna Austria, Vienna
Schottenring 3 01 Innere Stadt 1010 Vienna Austria, Vienna
Schubertring 10 12 01 Innere Stadt 1010 Vienna Austria, Vienna
Schubertring 11 01 Innere Stadt 1010 Vienna Austria, Vienna
Schubertring 5 7 01 Innere Stadt 1010 Vienna Austria, Vienna
Schulerstra e 10 01 Innere Stadt 1010 Vienna Austria, Vienna
Schulerstra e 14 01 Innere Stadt 1010 Vienna Austria, Vienna
Schwedenplatz 3 4 01 Innere Stadt 1010 Vienna Austria, Vienna
Silvio Pellico 4 Milan City Center 20121 Milan Italy, Milano
Simmeringer Hauptstra e 55 57 11 Simmering 1110 Vienna Austria, Vienna
Singel 303 309 Amsterdam City Center 1012 WJ Amsterdam Netherlands, Amsterdam
Singerstra e 3 01 Innere Stadt 1010 Vienna Austria, Vienna
Sloane Square Kensington and Chelsea London SW1W 8EG United Kingdom, London
Slotermeerlaan 80 Geuzenveld Slotermeer 1064 HD Amsterdam Netherlands, Amsterdam
Sonnenhofgasse 8 10 05 Margareten 1050 Vienna Austria, Vienna
Sonnwendgasse 15 10 Favoriten 1100 Vienna Austria, Vienna
Sonnwendgasse 8 10 Favoriten 1100 Vienna Austria, Vienna
South Quay Marsh Wall Tower Hamlets London E14 9SH United Kingdom, London
Southampton Row Bloomsbury Camden London WC1B 4AR United Kingdom, London
Spaarndammerdijk 304 Westerpark 1013 ZX Amsterdam Netherlands, Amsterdam
Spuistraat 175 Amsterdam City Center 1012 VN Amsterdam Netherlands, Amsterdam
Spuistraat 288 292 Amsterdam City Center 1012 VX Amsterdam Netherlands, Amsterdam
St James s Place Westminster Borough London SW1A 1NJ United Kingdom, London
St Katherines Way Tower Hamlets London E1W 1LD United Kingdom, London
Staalmeesterslaan 410 Slotervaart 1057 PH Amsterdam Netherlands, Amsterdam
Stadhouderskade 12 Oud West 1054 ES Amsterdam Netherlands, Amsterdam
Stadhouderskade 25 Oud Zuid 1071 ZD Amsterdam Netherlands, Amsterdam
Stadhouderskade 7 Oud West 1054 ES Amsterdam Netherlands, Amsterdam
Stephansplatz 12 01 Innere Stadt 1010 Vienna Austria, Vienna
Stephansplatz 9 01 Innere Stadt 1010 Vienna Austria, Innere Vienna
Strand Westminster Borough London WC2R 0EU United Kingdom, London
Stratton Street Mayfair Westminster Borough London W1J 8LT United Kingdom, London
Stubenring 2 01 Innere Stadt 1010 Vienna Austria, Vienna
Taborstra e 12 02 Leopoldstadt 1020 Vienna Austria, Vienna
The Strand Westminster Borough London WC2N 5HX United Kingdom, London
Tiefer Graben 14 20 01 Innere Stadt 1010 Vienna Austria, Vienna
Tilling Road London NW2 1LP United Kingdom, London
Tower Bridge Road Southwark London SE1 3UN United Kingdom, London
Trabrennstra e 4 02 Leopoldstadt 1020 Vienna Austria, Vienna
Travessera de les Corts 150 152 Les Corts 08028 Barcelona Spain, Barcelona
Ungargasse 60 03 Landstra e 1030 Vienna Austria, Vienna
Uraniastra e 2 01 Innere Stadt 1010 Vienna Austria, Vienna
V a Augusta 127 Sarri St Gervasi 08006 Barcelona Spain, Barcelona
V a Laietana 69 Ciutat Vella 08003 Barcelona Spain, Barcelona
Valencia 157 Eixample 08011 Barcelona Spain, Barcelona
Van Baerlestraat 27 Oud Zuid 1071 AN Amsterdam Netherlands, Amsterdam
Van Leijenberghlaan 221 Zuideramstel 1082 GG Amsterdam Netherlands, Amsterdam
Via A de Tocqueville 7 D Garibaldi Station 20154 Milan Italy, Milano
Via Albricci 2 4 Milan City Center 20122 Milan Italy, Milano
Via Andegari 9 Milan City Center 20121 Milan Italy, Milano
Via Angelo Carlo Fumagalli 4 Navigli 20143 Milan Italy, Milano
Via Augusta 5 08006 Barcelona Spain, Barcelona
Via Baracchini 12 Milan City Center 20123 Milan Italy, Milano
Via Camperio 9 Milan City Center 20123 Milan Italy, Milano
Via Carlo Goldoni 33 Citt Studi 20129 Milan Italy, Milano
Via Cesare Correnti 13 Milan City Center 20123 Milan Italy, Milano
Via Cimarosa 6 Fiera Milano City 20144 Milan Italy, Milano
Via Clerici 11 Milan City Center 20121 Milan Italy, Milano
Via Cusani 13 Milan City Center 20121 Milan Italy, Milano
Via De Amicis 32 Milan City Center 20123 Milan Italy, Milano
Via Dei Fontanili 26 Ripamonti Corvetto 20141 Milan Italy, Milano
Via dell Orso 7 Milan City Center 20121 Milan Italy, Milano
Via della Giustizia 10 D Bicocca Zara 20125 Milan Italy, Milano
Via delle Erbe 1 Milan City Center 20121 Milan Italy, Milano
Via Domenico Scarlatti 24 Central Station 20124 Milan Italy, Milano
Via Domenico Scarlatti 32 Central Station 20124 Milan Italy, Milano
Via Domodossola 16 Fiera Milano City 20145 Milan Italy, Milano
Via Fabio Filzi 25 B Central Station 20124 Milan Italy, Milano
Via Fabio Filzi 3 Central Station 20124 Milan Italy, Milano
Via Fatebenefratelli 21 Milan City Center 20121 Milan Italy, Milano
Via Felice Casati 18 Central Station 20124 Milan Italy, Milano
Via Feltre 19 B Citt Studi 20132 Milan Italy, Milano
Via Forcella 6 Navigli 20144 Milan Italy, Milano
Via G Arimondi 12 Sempione 20155 Milan Italy, Milano
Via G B Pirelli 7 Central Station 20124 Milan Italy, Milano
Via G Silva 12 Fiera Milano City 20149 Milan Italy, Milano
Via Gaetano Airaghi 125 20153 Milan Italy, MI
Via Galileo Galilei 2 Central Station 20124 Milan Italy, Milano
Via Gerolamo Cardano 1 Central Station 20124 Milan Italy, Milano
Via Ges 6 8 Milan City Center 20121 Milan Italy, Milano
Via Giacomo Watt 13 Famagosta 20143 Milan Italy, Milano
Via Gian Battista Pirelli 20 Central Station 20124 Milan Italy, Milano
Via Giorgio Stephenson 55 20157 Milan Italy, Milano
Via Giovanni Battista Fauch Sempione 20154 Milan Italy, Milano
Via Giovanni Nicotera 9 Niguarda 20161 Milan Italy, Milano
Via Hoepli 6 Milan City Center 20121 Milan Italy, Milano
Via L Muratori 14 Porta Romana 20135 Milan Italy, Milano
Via La Spezia 25 Famagosta 20142 Milan Italy, Milano
Via Laietana 17 Ciutat Vella 08003 Barcelona Spain, Barcelona
Via Laietana 30 Ciutat Vella 08003 Barcelona Spain, Barcelona
Via Laietana 42 Ciutat Vella 08003 Barcelona Spain, Barcelona
Via Laietana 49 Ciutat Vella 08003 Barcelona Spain, Barcelona
Via Layetana 3 Ciutat Vella 08003 Barcelona Spain, Barcelona
Via Lazzaretto 5 Central Station 20124 Milan Italy, Milano
Via Lazzaro Palazzi 18 Central Station 20124 Milan Italy, Milano
Via Lentasio 3 Milan City Center 20122 Milan Italy, Milano
Via Lodovico Il Moro 117 Navigli 20143 Milan Italy, Milano
Via Lorenteggio 278 Lorenteggio 20152 Milan Italy, Milano
Via Lucio Giunio Columella 36 Distretto Viale Monza 20128 Milan Italy, Milano
Via Ludovico Di Breme 77 Certosa 20156 Milan Italy, Milano
Via Luigi Galvani 12 Central Station 20124 Milan Italy, Milano
Via M Buonarroti 13 Fiera Milano City 20149 Milan Italy, Milano
Via Mac Mahon 45 Sempione 20155 Milan Italy, Milano
Via Manin 7 Milan City Center 20121 Milan Italy, Milano
Via Manzoni 29 Milan City Center 20121 Milan Italy, Milano
Via Manzoni 31 Milan City Center 20121 Milan Italy, Milano
Via Masaccio 19 Fiera Milano City 20149 Milan Italy, Milano
Via Mauro Macchi 1 Central Station 20124 Milan Italy, Milano
Via Mazzini 4 Milan City Center 20123 Milan Italy, Milano
Via Mecenate 121 20138 Milan Italy, Milano
Via Medici 3 Milan City Center 20123 Milan Italy, Milano
Via Melchiorre Gioia 6 Garibaldi Station 20124 Milan Italy, Milano
Via Melchiorre Gioia 73 Central Station 20124 Milan Italy, Milano
Via Messina 10 Sempione 20154 Milan Italy, Milano
Via Molino Delle Armi 1 Angolo Corso Italia Milan City Center 20123 Milan Italy, Milano
Via Monte Rosa 90 Fiera Milano City 20149 Milan Italy, Milano
Via Morigi 2 Milan City Center 20123 Milan Italy, Milano
Via Murat 21 Niguarda 20159 Milan Italy, Milano
Via Napo Torriani 18 Central Station 20124 Milan Italy, Milano
Via Napo Torriani 24 Central Station 20124 Milan Italy, Milano
Via Ozanam 12 Citt Studi 20129 Milan Italy, Milano
Via Palmanova 153 20132 Milan Italy, Milano
Via Panfilo Castaldi 7 Central Station 20124 Milan Italy, Milano
Via Pietro Calvi 32 P Vittoria 20129 Milan Italy, Milano
Via Pietro Gaggia 3 Ripamonti Corvetto 20139 Milan Italy, Milano
Via Pietro Orseolo 1 Navigli 20144 Milan Italy, Milano
Via Poliziano 11 Sempione 20154 Milan Italy, Milano
Via Privata Fratelli Gabba 7 B Milan City Center 20121 Milan Italy, Milano
Via Privata Leopoldo Gasparotto 8 Central Station 20124 Milan Italy, Milano
Via Privata Polonia 10 20157 Milan Italy, Milano
Via Riccardo Lombardi 9 11 20153 Milan Italy, MI
Via Roberto Lepetit 15 Central Station 20124 Milan Italy, Milano
Via Rubens 21 San Siro 20148 Milan Italy, Milano
Via San Raffaele 3 Milan City Center 20121 Milan Italy, Milano
Via San Raffaele 6 Milan City Center 20121 Milan Italy, Milano
Via San Tomaso 6 Milan City Center 20121 Milan Italy, Milano
Via San Tomaso 8 b Milan City Center 20121 Milan Italy, Milano
Via Santa Marta 4 Milan City Center 20123 Milan Italy, Milano
Via Santa Radegonda 14 Milan City Center 20121 Milan Italy, Milano
Via Santa Sofia 10 Milan City Center 20122 Milan Italy, Milano
Via Santo Spirito 20 Milan City Center 20121 Milan Italy, Milano
Via Senato 22 Milan City Center 20121 Milan Italy, Milano
Via Senato 5 Milan City Center 20121 Milan Italy, Milano
Via Senigallia 6 20161 Milan Italy, Milano
Via Silvio Pellico 2 Milan City Center 20121 Milan Italy, Milano
Via Silvio Pellico 8 Milan City Center 20121 Milan Italy, Milano
Via Spadari 11 Milan City Center 20123 Milan Italy, Milano
Via Spallanzani 40 Central Station 20129 Milan Italy, Milano
Via Stamira D Ancona 27 Distretto Viale Monza 20127 Milan Italy, Milano
Via Tarchetti 2 Milan City Center 20121 Milan Italy, Milano
Via Tazzoli 2 Garibaldi Station 20154 Milan Italy, Milano
Via Tiziano 6 Fiera Milano City 20145 Milan Italy, Milano
Via Tommaso Grossi 1 Milan City Center 20121 Milan Italy, Milano
Via Tortona 35 Navigli 20144 Milan Italy, Milano
Via Ugo Bassi 1 A Ang Via C Farini Garibaldi Station 20159 Milan Italy, Milano
Via Varesina 124 Certosa 20156 Milan Italy, Milano
Via Venezia Giulia 8 20157 Milan Italy, Milano
Via Villapizzone 24 Certosa 20156 Milan Italy, Milano
Via Washington 66 Fiera Milano City 20146 Milan Italy, Milano
Viale Andrea Doria 22 Central Station 20124 Milan Italy, Milano
Viale Andrea Doria 4 Central Station 20124 Milan Italy, Milano
Viale Bianca Maria 4 Milan City Center 20129 Milan Italy, Milano
Viale Bligny 23 Milan City Center 20136 Milan Italy, Milano
Viale Bligny 56 Milan City Center 20136 Milan Italy, Milano
Viale Certosa 104 106 Certosa 20156 Milan Italy, Milano
Viale Certosa 108 Certosa 20156 Milan Italy, Milano
Viale Certosa 68 Certosa 20155 Milan Italy, Milano
Viale Fulvio Testi 300 Bicocca Zara 20126 Milan Italy, Milano
Viale Isonzo 14 Porta Romana 20135 Milan Italy, Milano
Viale Isonzo 2 Porta Romana 20135 Milan Italy, Milano
Viale Lombardia 74 76 Citt Studi 20131 Milan Italy, Milano
Viale Monte Grappa 12 Garibaldi Station 20124 Milan Italy, Milano
Viale Monza 132 Distretto Viale Monza 20127 Milan Italy, Milano
Viale Monza 139 Distretto Viale Monza 20125 Milan Italy, Milano
Viale Murillo 9 Fiera Milano City 20149 Milan Italy, Milano
Viale Piave 42 Milan City Center 20129 Milan Italy, Milano
Viale Sarca 336 Bicocca Zara 20125 Milan Italy, Milano
Viale Suzzani 13 Bicocca Zara 20162 Milan Italy, Milano
Viale Tunisia 9 Central Station 20124 Milan Italy, Milano
Vijzelstraat 4 Amsterdam City Center 1017 HK Amsterdam Netherlands, Amsterdam
Vijzelstraat 49 Amsterdam City Center 1017 HE Amsterdam Netherlands, Amsterdam
Vilamari 34 36 Eixample 08015 Barcelona Spain, Barcelona
Vilana 7 Sarri St Gervasi 08017 Barcelona Spain, Barcelona
Villarroel 106 Eixample 08011 Barcelona Spain, Barcelona
Viriotgasse 5 09 Alsergrund 1090 Vienna Austria, Vienna
Vondelstraat 18 30 Oud West 1054 GE Amsterdam Netherlands, Amsterdam
Wagramer Stra e 16 18 22 Donaustadt 1220 Vienna Austria, Vienna
Wagramer Stra e 21 22 Donaustadt 1220 Vienna Austria, Vienna
Wagramer Stra e 51 22 Donaustadt 1220 Vienna Austria, Vienna
Wagramer Stra e 8 22 Donaustadt 1220 Vienna Austria, Vienna
Wallgasse 23 06 Mariahilf 1060 Vienna Austria, Vienna
Webgasse 23 06 Mariahilf 1060 Vienna Austria, Vienna
Webgasse 26 06 Mariahilf 1060 Vienna Austria, Vienna
Weihburggasse 3 01 Innere Stadt 1010 Vienna Austria, Vienna
Westeinde 26 Amsterdam City Center 1017 ZP Amsterdam Netherlands, Amsterdam
Western Avenue Ealing London W5 1HG United Kingdom, London
Western Gateway Newham London E16 1FA United Kingdom, London
Westminster Bridge Road Lambeth London SE1 7UT United Kingdom, London
Westside Wimbledon Common Wimbledon London SW19 4UE United Kingdom, London
Weteringschans 251 Amsterdam City Center 1017 XJ Amsterdam Netherlands, Amsterdam
Whitcomb Street Trafalgar Square Westminster Borough London WC2H 7HG United Kingdom, London
Whitehall Place Westminster Borough London SW1A 2BD United Kingdom, London
Wibautstraat 129 Oost 1091 GL Amsterdam Netherlands, Amsterdam
Wiedner G rtel 14 04 Wieden 1040 Vienna Austria, Vienna
Wiedner Hauptstr 27 29 04 Wieden 1040 Vienna Austria, Vienna
Wiedner Hauptstra e 12 04 Wieden 1040 Vienna Austria, Vienna
Wiedner Hauptstra e 44 04 Wieden 1040 Vienna Austria, Vienna
Wildpretmarkt 5 01 Innere Stadt 1010 Vienna Austria, Vienna
Wilton Place Knightsbridge Westminster Borough London SW1X 7RL United Kingdom, London
Wrights Lane Kensington and Chelsea London W8 5SP United Kingdom, London
Wurzbachgasse 21 15 Rudolfsheim F nfhaus 1150 Vienna Austria, Vienna
20 Rue De La Ga t 14th arr 75014 Paris France, Paris
23 Rue Damr mont 18th arr 75018 Paris France, Paris
4 rue de la P pini re 8th arr 75008 Paris France, Paris
Bail n 4 6 Eixample 08010 Barcelona Spain, Barcelona
Gr nentorgasse 30 09 Alsergrund 1090 Vienna Austria, Vienna
Hasenauerstra e 12 19 D bling 1190 Vienna Austria, Vienna
Josefst dter Stra e 10 12 08 Josefstadt 1080 Vienna Austria, Vienna
Josefst dter Stra e 22 08 Josefstadt 1080 Vienna Austria, Vienna
Landstra er G rtel 5 03 Landstra e 1030 Vienna Austria, Vienna
Paragonstra e 1 11 Simmering 1110 Vienna Austria, Vienna
Pau Clar s 122 Eixample 08009 Barcelona Spain, Barcelona
Savoyenstra e 2 16 Ottakring 1160 Vienna Austria, Vienna
Sep lveda 180 Eixample 08011 Barcelona Spain, Barcelona
Sieveringer Stra e 4 19 D bling 1190 Vienna Austria, Vienna
Taborstra e 8 A 02 Leopoldstadt 1020 Vienna Austria, Vienna
W hringer Stra e 12 09 Alsergrund 1090 Vienna Austria, Vienna
W hringer Stra e 33 35 09 Alsergrund 1090 Vienna Austria, Vienna
